experiment_id,model_family,ligand_repr,protein_repr,test_rmse,test_pearson_r,test_spearman_r
rf_ecfp4_aac,tree,ecfp4_1024,aac_20,1.0058,0.7472,0.6746
rf_ecfp4_esm2_8M,tree,ecfp4_1024,esm2_8M_320,1.0083,0.745,0.6662
rf_ecfp4_dipeptide,tree,ecfp4_1024,dipeptide_400,1.0192,0.7387,0.6636
rf_ecfp4_aac__seed42,tree,ecfp4_1024,aac_20,1.0213,0.7392,
lgbm_ecfp4_esm2_8M,tree,ecfp4_1024,esm2_8M_320,1.0415,0.7253,0.6412
xgb_chemberta_5M_esm2_650M,tree,chemberta_5M,esm2_650M,1.0434,0.7242,0.6478
xgb_chemberta_5M_esm2_35M_480,tree,chemberta_5M,esm2_35M_480,1.0473,0.722,0.6517
xgb_ecfp4_esm2_8M,tree,ecfp4_1024,esm2_8M_320,1.0483,0.7207,0.6309
xgb_chemberta_600_esm2_650M,tree,chemberta_600,esm2_650M,1.0522,0.718,0.639
xgb_ecfp4_aac,tree,ecfp4_1024,aac_20,1.0523,0.7184,0.6399
lgbm_ecfp4_aac,tree,ecfp4_1024,aac_20,1.0528,0.7197,0.6395
xgb_chemberta_5M_esm2_8M_320,tree,chemberta_5M,esm2_8M_320,1.0554,0.7169,0.6469
xgb_chemberta_5M_prot_electra_256,tree,chemberta_5M,prot_electra_256,1.0566,0.7152,0.6446
xgb_chemberta_600_esm2_35M_480,tree,chemberta_600,esm2_35M_480,1.0577,0.7147,0.6418
xgb_chemberta_prot_electra,tree,chemberta_600,prot_electra_256,1.058,0.7142,0.638
xgb_chemberta_600_prot_electra_256,tree,chemberta_600,prot_electra_256,1.058,0.7142,0.638
xgb_chemberta_5M_esm2_150M,tree,chemberta_5M,esm2_150M,1.0587,0.715,0.6397
xgb_chemberta_5M_esmc_300M,tree,chemberta_5M,esmc_300M,1.0599,0.7133,0.6398
xgb_chemberta_600_esmc_300M,tree,chemberta_600,esmc_300M,1.0627,0.7113,0.6341
xgb_chemberta_77M_esm2_650M,tree,chemberta_77M,esm2_650M,1.0661,0.7098,0.6384
xgb_chemberta_100M_esm2_650M,tree,chemberta_100M,esm2_650M,1.0662,0.7094,0.6238
xgb_chemberta_esm2_8M,tree,chemberta_600,esm2_8M_320,1.067,0.7101,0.6299
xgb_chemberta_600_esm2_8M_320,tree,chemberta_600,esm2_8M_320,1.067,0.7101,0.6299
xgb_chemberta_600_kmer3_8000,tree,chemberta_600,kmer3_8000,1.0687,0.7074,0.6234
xgb_ecfp6_1024_kmer3_8000,tree,ecfp6_1024,kmer3_8000,1.0691,0.7073,0.6215
xgb_ecfp6_kmer3,tree,ecfp6_1024,kmer3_8000,1.0691,0.7073,0.6215
xgb_chemberta_600_esm2_150M,tree,chemberta_600,esm2_150M,1.0694,0.707,0.6258
xgb_chemberta_100M_esmc_300M,tree,chemberta_100M,esmc_300M,1.0716,0.7058,0.6208
xgb_chemberta_100M_esm2_35M_480,tree,chemberta_100M,esm2_35M_480,1.0717,0.7059,0.6228
xgb_chemberta_100M_esm2_8M_320,tree,chemberta_100M,esm2_8M_320,1.0718,0.7065,0.6286
xgb_chemberta_77M_esm2_8M_320,tree,chemberta_77M,esm2_8M_320,1.0722,0.7055,0.6355
xgb_ecfp6_1024_prot_electra_256,tree,ecfp6_1024,prot_electra_256,1.0726,0.7052,0.6145
mlp_chemberta_5M_esm2_8M_320,mlp,chemberta_5M,esm2_8M_320,1.0744,0.7162,0.6562
xgb_chemberta_100M_esm2_150M,tree,chemberta_100M,esm2_150M,1.077,0.7029,0.6161
xgb_chemberta_77M_esm2_35M_480,tree,chemberta_77M,esm2_35M_480,1.0771,0.703,0.6323
xgb_chemberta_100M_prot_electra_256,tree,chemberta_100M,prot_electra_256,1.0775,0.7014,0.6188
xgb_chemberta_77M_esmc_300M,tree,chemberta_77M,esmc_300M,1.078,0.7018,0.6245
mlp_chemberta_77M_esm2_8M_320,mlp,chemberta_77M,esm2_8M_320,1.0796,0.7099,0.6439
mlp_chemberta_77M_esm2_35M_480,mlp,chemberta_77M,esm2_35M_480,1.0801,0.7158,0.6533
xgb_chemberta_77M_prot_electra_256,tree,chemberta_77M,prot_electra_256,1.0816,0.6991,0.6272
xgb_chemberta_77M_esm2_150M,tree,chemberta_77M,esm2_150M,1.0822,0.699,0.6302
xgb_chemberta_aac,tree,chemberta_600,aac_20,1.0893,0.695,0.6221
xgb_chemberta_600_protein_char,tree,chemberta_600,protein_char,1.0893,0.695,0.6221
mlp_chemberta_600_esm2_650M,mlp,chemberta_600,esm2_650M,1.0901,0.7054,0.6397
xgb_ecfp6_1024_protein_char,tree,ecfp6_1024,protein_char,1.092,0.6935,0.6089
mlp_chemberta_600_prot_electra_256,mlp,chemberta_600,prot_electra_256,1.0942,0.7078,0.6428
mlp_chemberta_600_esmc_300M,mlp,chemberta_600,esmc_300M,1.0978,0.6988,0.6241
mlp_chemberta_100M_esm2_650M,mlp,chemberta_100M,esm2_650M,1.1007,0.7027,0.6225
mlp_ecfp4_esm2_8M,mlp,ecfp4_1024,esm2_8M_320,1.1009,0.6987,0.6297
bica_chemberta_5M_esmc_300M,bica,chemberta_5M,esmc_300M,1.102,0.702,0.631
mlp_chemberta_5M_esm2_35M_480,mlp,chemberta_5M,esm2_35M_480,1.1036,0.7059,0.6492
mlp_chemberta_100M_esmc_300M,mlp,chemberta_100M,esmc_300M,1.1062,0.6933,0.6196
bica_chemberta_5M_esm2_650M,bica,chemberta_5M,esm2_650M,1.1068,0.6922,0.6091
mlp_medium_ecfp4_dipeptide,mlp,ecfp4_1024,dipeptide_400,1.1082,0.7019,0.6183
mlp_chemberta_600_esm2_8M_320,mlp,chemberta_600,esm2_8M_320,1.1091,0.6953,0.6231
distmat_cnn_distmat_100_esm2_35M_480,distmat_cnn,distmat_100,esm2_35M_480,1.1092,0.6973,0.6307
mlp_chemberta_77M_esm2_650M,mlp,chemberta_77M,esm2_650M,1.1115,0.6999,0.6244
mlp_ecfp4_prot_electra,mlp,ecfp4_1024,prot_electra_256,1.1129,0.696,0.6183
mlp_ecfp4_esm2_8M_ft_k3,finetune_mlp,ecfp4_1024,esm2_online,1.1134,0.6865,0.6067
distmat_cnn_esm2_8M,distmat_cnn,distmat_100,esm2_8M_320,1.1147,0.6902,0.6195
mlp_chemberta_77M_esmc_300M,mlp,chemberta_77M,esmc_300M,1.1172,0.6864,0.6139
transformer_chemberta_100M_prot_electra_256,transformer,chemberta_100M,prot_electra_256,1.1194,0.6791,0.6019
mlp_wide_maccs_dipeptide,mlp,maccs_167,dipeptide_400,1.1213,0.6999,0.6355
mlp_chemberta_5M_esm2_650M,mlp,chemberta_5M,esm2_650M,1.1216,0.6797,0.6176
mlp_chemberta_600_kmer3_8000,mlp,chemberta_600,kmer3_8000,1.1227,0.684,0.6019
mlp_chemberta_5M_esm2_150M,mlp,chemberta_5M,esm2_150M,1.1239,0.6865,0.6284
bica_chemberta_esm2_8M_dsm,bica,chemberta_600,esm2_8M_320,1.1244,0.685,0.6142
mlp_chemberta_dipeptide,mlp,chemberta_600,dipeptide_400,1.1246,0.69,0.6182
distmat_cnn_distmat_100_esm2_150M,distmat_cnn,distmat_100,esm2_150M,1.1265,0.6768,0.6053
mlp_chemberta_5M_prot_electra_256,mlp,chemberta_5M,prot_electra_256,1.1266,0.6805,0.6122
mlp_ecfp4_esm2_35M,mlp,ecfp4_1024,esm2_35M_480,1.1281,0.6958,0.6291
xgb_smiles_char_kmer3_8000,tree,smiles_char,kmer3_8000,1.1293,0.6656,0.5912
transformer_chemberta_5M_esm2_150M,transformer,chemberta_5M,esm2_150M,1.1296,0.6901,0.6273
concat_baseline,bica_v2,mol_atom100,esm2_35M_perresidue,1.1302,0.6865,0.6186
xgb_smiles_char_prot_electra_256,tree,smiles_char,prot_electra_256,1.1309,0.6638,0.5893
bica_v2_chemberta_tokens,bica_v2,chemberta_tokens_ChemBERTa-zinc-base-v1,esm2_35M_perresidue,1.1318,0.6811,0.6143
xgb_smiles_char_protein_char,tree,smiles_char,protein_char,1.1329,0.6642,0.5914
mlp_chemberta_600_esm2_35M_480,mlp,chemberta_600,esm2_35M_480,1.1334,0.6779,0.609
mlp_ecfp6_1024_kmer3_8000,mlp,ecfp6_1024,kmer3_8000,1.1335,0.6844,0.5984
bica_v2_chemberta77M_tokens,bica_v2,chemberta_tokens_ChemBERTa-77M-MTR,esm2_35M_perresidue,1.1348,0.6765,0.612
mlp_chemberta_5M_esmc_300M,mlp,chemberta_5M,esmc_300M,1.1378,0.6829,0.6187
mlp_chemberta_77M_prot_electra_256,mlp,chemberta_77M,prot_electra_256,1.1405,0.6715,0.6133
distmat_cnn_distmat_100_esmc_300M,distmat_cnn,distmat_100,esmc_300M,1.1423,0.6731,0.6119
mlp_chemberta_esm2_8M_ranked,mlp,chemberta_600,esm2_8M_320,1.1432,0.6647,0.598
bica_v2_cb77M_mtr_esm2_150M,bica_v2,chemberta_tokens_ChemBERTa-77M-MTR,esm2_150M_perresidue,1.1433,0.6757,0.6144
mlp_chemberta_100M_esm2_150M,mlp,chemberta_100M,esm2_150M,1.144,0.6726,0.5986
mlp_chemberta_100M_prot_electra_256,mlp,chemberta_100M,prot_electra_256,1.1442,0.6746,0.6042
distmat_cnn_kmer3_8000,distmat_cnn,distmat_100,kmer3_8000,1.1448,0.6737,0.6037
lstm_smiles_bpe_1000_protein_bpe_1000,lstm,smiles_bpe_1000,protein_bpe_1000,1.1456,0.6595,0.5812
lstm_smiles_atom_protein_bpe_1000,lstm,smiles_atom,protein_bpe_1000,1.1456,0.6566,0.5679
bica_chemberta_600_esm2_8M_320,bica,chemberta_600,esm2_8M_320,1.1461,0.6728,0.6035
mlp_chemberta_prot_electra,mlp,chemberta_600,prot_electra_256,1.1466,0.6813,0.6188
bica_chemberta_5M_esm2_8M_320,bica,chemberta_5M,esm2_8M_320,1.1468,0.6748,0.6047
transformer_chemberta_100M_esm2_35M_480,transformer,chemberta_100M,esm2_35M_480,1.154,0.6777,0.6023
distmat_cnn_distmat_100_esm2_650M,distmat_cnn,distmat_100,esm2_650M,1.1548,0.6541,0.581
transformer_chemberta_5M_esmc_300M,transformer,chemberta_5M,esmc_300M,1.155,0.6893,0.6143
bica_chemberta_77M_esm2_650M,bica,chemberta_77M,esm2_650M,1.156,0.6615,0.5765
transformer_chemberta_77M_esm2_150M,transformer,chemberta_77M,esm2_150M,1.1568,0.665,0.591
mlp_chemberta_600_esm2_150M,mlp,chemberta_600,esm2_150M,1.158,0.6722,0.6136
mamba_smiles_bpe_1000_protein_bpe_1000,mamba,smiles_bpe_1000,protein_bpe_1000,1.1581,0.6558,0.5892
transformer_chemberta_esm2_8M,transformer,chemberta_600,esm2_8M_320,1.1583,0.6753,0.5982
transformer_chemberta_100M_esm2_8M_320,transformer,chemberta_100M,esm2_8M_320,1.1589,0.6764,0.5968
distmat_cnn_distmat_100_prot_electra_256,distmat_cnn,distmat_100,prot_electra_256,1.159,0.6645,0.589
mlp_chemberta_77M_esm2_150M,mlp,chemberta_77M,esm2_150M,1.1592,0.6681,0.6029
bica_v2_p2l,bica_v2,mol_atom100,esm2_35M_perresidue,1.1597,0.6755,0.6124
distmat_cnn_prot_electra_256,distmat_cnn,distmat_100,prot_electra_256,1.1604,0.6626,0.5959
transformer_chemberta_77M_esm2_650M,transformer,chemberta_77M,esm2_650M,1.1625,0.6671,0.6114
lstm_smiles_atom_protein_char,lstm,smiles_atom,protein_char,1.1654,0.6525,0.566
bica_chemberta_600_kmer3_8000,bica,chemberta_600,kmer3_8000,1.1661,0.6511,0.5804
mlp_chemberta_100M_esm2_35M_480,mlp,chemberta_100M,esm2_35M_480,1.1665,0.6562,0.57
bica_chemberta_5M_esm2_150M,bica,chemberta_5M,esm2_150M,1.1673,0.6484,0.5751
mlp_chemberta_esm2_35M,mlp,chemberta_600,esm2_35M_480,1.1692,0.6648,0.5966
mamba_smiles_bpe_1000_protein_char,mamba,smiles_bpe_1000,protein_char,1.1722,0.6367,0.5649
mamba_smiles_char_protein_char,mamba,smiles_char,protein_char,1.1755,0.6469,0.5597
bica_chemberta_esm2_8M,bica,chemberta_600,esm2_8M_320,1.1764,0.6551,0.5806
bica_chemberta_600_prot_electra_256,bica,chemberta_600,prot_electra_256,1.1775,0.6541,0.5877
mamba_smiles_bpe1000_protein_bpe1000,mamba,smiles_bpe_1000,protein_bpe_1000,1.1778,0.6457,0.5588
gp_ecfp4_rq,gp,ecfp4_1024,none,1.1789,0.6276,0.5322
bica_chemberta_100M_esm2_650M,bica,chemberta_100M,esm2_650M,1.1791,0.6446,0.565
transformer_chemberta_77M_esmc_300M,transformer,chemberta_77M,esmc_300M,1.1791,0.631,0.5552
bica_chemberta_esm2_8M_ranked,bica,chemberta_600,esm2_8M_320,1.1798,0.6436,0.5643
transformer_chemberta_100M_esmc_300M,transformer,chemberta_100M,esmc_300M,1.1805,0.6645,0.6005
mamba_smiles_atom_protein_char,mamba,smiles_atom,protein_char,1.1808,0.6438,0.5847
bica_v2_full,bica_v2,mol_atom100,esm2_35M_perresidue,1.1809,0.6351,0.5667
mlp_chemberta_100M_esm2_8M_320,mlp,chemberta_100M,esm2_8M_320,1.181,0.6333,0.5659
bica_chemberta_5M_prot_electra_256,bica,chemberta_5M,prot_electra_256,1.181,0.6407,0.573
bica_chemberta_600_esm2_35M_480,bica,chemberta_600,esm2_35M_480,1.1839,0.6411,0.5738
bica_chemberta_600_esm2_650M,bica,chemberta_600,esm2_650M,1.1839,0.6442,0.5797
transformer_chemberta_77M_prot_electra_256,transformer,chemberta_77M,prot_electra_256,1.1841,0.6383,0.56
gp_ecfp4_tanimoto,gp,ecfp4_1024,none,1.1849,0.6276,0.5276
bica_chemberta_prot_electra,bica,chemberta_600,prot_electra_256,1.1858,0.631,0.5756
bica_chemberta_77M_esmc_300M,bica,chemberta_77M,esmc_300M,1.1859,0.6427,0.5623
transformer_chemberta_600_esm2_650M,transformer,chemberta_600,esm2_650M,1.1864,0.661,0.5898
bica_chemberta_600_esmc_300M,bica,chemberta_600,esmc_300M,1.1867,0.6518,0.5801
bica_chemberta_600_esm2_150M,bica,chemberta_600,esm2_150M,1.1871,0.6273,0.5391
distmat_cnn_distmat_100_esm2_8M_320,distmat_cnn,distmat_100,esm2_8M_320,1.1873,0.6496,0.5787
bica_chemberta_100M_esm2_150M,bica,chemberta_100M,esm2_150M,1.1874,0.6369,0.5529
transformer_chemberta_600_kmer3_8000,transformer,chemberta_600,kmer3_8000,1.1883,0.6555,0.5771
transformer_chemberta_5M_esm2_650M,transformer,chemberta_5M,esm2_650M,1.1906,0.6164,0.5553
lstm_smiles_char_protein_bpe_1000,lstm,smiles_char,protein_bpe_1000,1.1907,0.631,0.532
transformer_chemberta_100M_esm2_650M,transformer,chemberta_100M,esm2_650M,1.1909,0.6412,0.5659
bica_v2_meanpool,bica_v2,mol_atom100,esm2_35M_perresidue,1.191,0.6522,0.5916
transformer_chemberta_600_esm2_35M_480,transformer,chemberta_600,esm2_35M_480,1.1912,0.6455,0.5584
transformer_chemberta_esm2_35M,transformer,chemberta_600,esm2_35M_480,1.1914,0.6202,0.5519
mlp_deep_ecfp6_kmer3,mlp,ecfp6_1024,kmer3_8000,1.1926,0.6594,0.5805
mlp_chemberta_esm2_8M,mlp,chemberta_600,esm2_8M_320,1.1931,0.6472,0.5923
bica_chemberta_77M_esm2_8M_320,bica,chemberta_77M,esm2_8M_320,1.1932,0.6529,0.5907
gat_mol_graph_esm2_650M,gat,mol_graph,esm2_650M,1.1939,0.6434,0.584
lstm_smiles_bpe512_protein_bpe512,lstm,smiles_bpe_512,protein_bpe_512,1.1947,0.646,0.573
gat_ecfp_esm2_8M_ranked,gat,mol_graph,esm2_8M_320,1.1963,0.6434,0.583
transformer_chemberta_100M_esm2_150M,transformer,chemberta_100M,esm2_150M,1.197,0.6278,0.55
transformer_chemberta_600_prot_electra_256,transformer,chemberta_600,prot_electra_256,1.1976,0.635,0.5595
transformer_chemberta_77M_esm2_8M_320,transformer,chemberta_77M,esm2_8M_320,1.1979,0.6365,0.5466
transformer_ecfp6_1024_prot_electra_256,transformer,ecfp6_1024,prot_electra_256,1.198,0.6332,0.5483
bica_v2_singlelayer,bica_v2,mol_atom100,esm2_35M_perresidue,1.1987,0.6394,0.5808
transformer_chemberta_5M_prot_electra_256,transformer,chemberta_5M,prot_electra_256,1.202,0.6412,0.5627
gcn_mol_graph_esm2_35M_480,gcn,mol_graph,esm2_35M_480,1.2024,0.6156,0.5504
transformer_chemberta_600_esm2_150M,transformer,chemberta_600,esm2_150M,1.2029,0.6346,0.5636
mlp_chemberta_aac,mlp,chemberta_600,aac_20,1.2032,0.6286,0.5666
bica_chemberta_100M_esm2_35M_480,bica,chemberta_100M,esm2_35M_480,1.2033,0.6281,0.5451
bica_v2_noffn,bica_v2,mol_atom100,esm2_35M_perresidue,1.2036,0.6464,0.5885
mlp_ecfp6_1024_prot_electra_256,mlp,ecfp6_1024,prot_electra_256,1.2036,0.6552,0.5842
bica_chemberta_77M_esm2_150M,bica,chemberta_77M,esm2_150M,1.204,0.6264,0.5579
gcn_mol_graph_esmc_300M,gcn,mol_graph,esmc_300M,1.2073,0.6276,0.5652
gcn_mol_graph_esm2_150M,gcn,mol_graph,esm2_150M,1.2086,0.634,0.592
gat_mol_graph_esmc_300M,gat,mol_graph,esmc_300M,1.2088,0.6326,0.5705
transformer_ecfp4_aac,transformer,ecfp4_1024,aac_20,1.2095,0.6062,0.55
transformer_seq_smiles_atom_protein_char,transformer_seq,smiles_atom,protein_char,1.2096,0.6061,0.5138
transformer_chemberta_600_esm2_8M_320,transformer,chemberta_600,esm2_8M_320,1.2099,0.6614,0.5781
transformer_seq_smiles_char_protein_bpe_1000,transformer_seq,smiles_char,protein_bpe_1000,1.2108,0.605,0.524
bica_chemberta_prot_electra_dsm,bica,chemberta_600,prot_electra_256,1.2115,0.6277,0.5528
transformer_chemberta_5M_esm2_35M_480,transformer,chemberta_5M,esm2_35M_480,1.2127,0.64,0.581
gcn_mol_graph_kmer3_8000,gcn,mol_graph,kmer3_8000,1.2141,0.6201,0.5558
bica_ecfp6_1024_kmer3_8000,bica,ecfp6_1024,kmer3_8000,1.2144,0.6334,0.5706
gat_mol_graph_esm2_35M_480,gat,mol_graph,esm2_35M_480,1.2148,0.6349,0.5841
transformer_ecfp6_1024_kmer3_8000,transformer,ecfp6_1024,kmer3_8000,1.2153,0.6366,0.5616
gcn_mol_graph_esm2_8M_320,gcn,mol_graph,esm2_8M_320,1.2156,0.636,0.5908
gcn_ecfp_esm2_8M,gcn,mol_graph,esm2_8M_320,1.2158,0.64,0.5964
gat_mol_graph_kmer3_8000,gat,mol_graph,kmer3_8000,1.2161,0.6407,0.5842
mlp_smiles_char_kmer3_8000,mlp,smiles_char,kmer3_8000,1.217,0.611,0.5143
gcn_ecfp_esm2_8M_recon,gcn,mol_graph,esm2_8M_320,1.2187,0.6132,0.561
mlp_ecfp6_1024_protein_char,mlp,ecfp6_1024,protein_char,1.2192,0.6263,0.5501
transformer_seq_smiles_char_protein_char,transformer_seq,smiles_char,protein_char,1.2215,0.5985,0.5097
transformer_chemberta_77M_esm2_35M_480,transformer,chemberta_77M,esm2_35M_480,1.2216,0.6275,0.56
lstm_smiles_bpe1000_protein_bpe1000,lstm,smiles_bpe_1000,protein_bpe_1000,1.2227,0.6321,0.588
bica_chemberta_100M_esmc_300M,bica,chemberta_100M,esmc_300M,1.2243,0.6223,0.5474
transformer_seq_smiles_atom_protein_bpe_1000,transformer_seq,smiles_atom,protein_bpe_1000,1.2247,0.6161,0.5188
transformer_chemberta_5M_esm2_8M_320,transformer,chemberta_5M,esm2_8M_320,1.2255,0.6171,0.5439
gcn_mol_graph_prot_electra_256,gcn,mol_graph,prot_electra_256,1.2255,0.6149,0.5608
bica_chemberta_5M_esm2_35M_480,bica,chemberta_5M,esm2_35M_480,1.2271,0.5991,0.5504
gat_mol_graph_prot_electra_256,gat,mol_graph,prot_electra_256,1.2274,0.6224,0.5582
mamba_smiles_atom_protein_bpe_1000,mamba,smiles_atom,protein_bpe_1000,1.2279,0.5837,0.5106
transformer_seq_smiles_bpe512_protein_bpe512,transformer_seq,smiles_bpe_512,protein_bpe_512,1.2282,0.5861,0.5342
gat_mol_graph_esm2_150M,gat,mol_graph,esm2_150M,1.2285,0.6233,0.5664
bica_chemberta_77M_prot_electra_256,bica,chemberta_77M,prot_electra_256,1.2297,0.5852,0.5032
transformer_smiles_char_prot_electra_256,transformer,smiles_char,prot_electra_256,1.2299,0.5876,0.5093
gcn_mol_graph_esm2_650M,gcn,mol_graph,esm2_650M,1.2329,0.6006,0.5583
bica_smiles_char_kmer3_8000,bica,smiles_char,kmer3_8000,1.2339,0.5841,0.5056
mamba_smiles_bpe512_protein_bpe512,mamba,smiles_bpe_512,protein_bpe_512,1.234,0.6303,0.5746
transformer_chemberta_600_esmc_300M,transformer,chemberta_600,esmc_300M,1.2352,0.5875,0.5163
gp_ecfp4_aac,gp,ecfp4_1024,aac_20,1.2376,0.5866,0.5186
gp_ecfp4_rbf,gp,ecfp4_1024,none,1.2383,0.5857,0.5167
gp_ecfp4_matern,gp,ecfp4_1024,none,1.2388,0.5849,0.521
transformer_smiles_char_kmer3_8000,transformer,smiles_char,kmer3_8000,1.241,0.5871,0.4996
lstm_smiles_char_protein_char,lstm,smiles_char,protein_char,1.2462,0.6257,0.5372
bica_chemberta_77M_esm2_35M_480,bica,chemberta_77M,esm2_35M_480,1.2485,0.599,0.5377
transformer_chemberta_600_protein_char,transformer,chemberta_600,protein_char,1.2487,0.5654,0.4808
bica_chemberta_100M_esm2_8M_320,bica,chemberta_100M,esm2_8M_320,1.2491,0.5662,0.4854
lstm_smiles_bpe_1000_protein_char,lstm,smiles_bpe_1000,protein_char,1.2524,0.5902,0.5215
rf_ecfp4_target_binary,tree,ecfp4_1024,target_binary,1.2534,0.5618,0.4924
ridge_chemberta_5M_esm2_35M_480,linear,chemberta_5M,esm2_35M_480,1.2544,0.5951,0.5255
ridge_chemberta_5M_esm2_150M,linear,chemberta_5M,esm2_150M,1.2545,0.5978,0.5225
gat_ecfp_esm2_8M,gat,mol_graph,esm2_8M_320,1.2551,0.5978,0.5623
bica_chemberta_600_protein_char,bica,chemberta_600,protein_char,1.2558,0.5788,0.5084
gat_ecfp_esm2_8M_recon,gat,mol_graph,esm2_8M_320,1.2563,0.6148,0.566
mlp_chemberta_600_protein_char,mlp,chemberta_600,protein_char,1.2599,0.5774,0.4938
lstm_smiles_atom_protein_wordpiece512,lstm,smiles_atom,protein_wordpiece_512,1.2608,0.5726,0.4523
rf_ecfp4_target_binary__seed42,tree,ecfp4_1024,target_binary,1.262,0.5518,
bica_chemberta_5M_aac,bica,chemberta_5M,aac_20,1.2637,0.5828,0.5263
ridge_chemberta_5M_esm2_8M_320,linear,chemberta_5M,esm2_8M_320,1.2673,0.5802,0.507
gat_mol_graph_esm2_8M_320,gat,mol_graph,esm2_8M_320,1.268,0.5969,0.5466
bica_chemberta_100M_prot_electra_256,bica,chemberta_100M,prot_electra_256,1.271,0.6081,0.5319
bica_ecfp6_1024_prot_electra_256,bica,ecfp6_1024,prot_electra_256,1.2774,0.5859,0.5442
transformer_ecfp6_1024_protein_char,transformer,ecfp6_1024,protein_char,1.2806,0.5624,0.5085
ridge_rdkit_aac,linear,rdkit_200,aac_20,1.2919,0.522,0.453
bica_ecfp6_1024_protein_char,bica,ecfp6_1024,protein_char,1.2942,0.5592,0.5143
mlp_smiles_char_prot_electra_256,mlp,smiles_char,prot_electra_256,1.2957,0.5449,0.4741
ridge_chemberta_5M_esm2_650M,linear,chemberta_5M,esm2_650M,1.3004,0.5832,0.52
distmat_cnn_aac,distmat_cnn,distmat_100,aac_20,1.303,0.5112,0.4726
ridge_maccs_aac,linear,maccs_167,aac_20,1.3079,0.5025,0.4494
bica_ecfp4_aac,bica,ecfp4_1024,aac_20,1.3081,0.5587,0.4896
ridge_chemberta_77M_esm2_150M,linear,chemberta_77M,esm2_150M,1.3173,0.5507,0.4674
ridge_chemberta_5M_esmc_300M,linear,chemberta_5M,esmc_300M,1.3217,0.5581,0.503
cnn_smiles_onehot_esm2_150M,cnn,smiles_onehot,esm2_150M,1.3243,0.5213,0.4302
ridge_chemberta_77M_esm2_8M_320,linear,chemberta_77M,esm2_8M_320,1.3248,0.5336,0.4481
mlp_shallow_ecfp4_aac,mlp,ecfp4_1024,aac_20,1.3285,0.588,0.5301
cnn_smiles_onehot_esm2_8M_320,cnn,smiles_onehot,esm2_8M_320,1.3286,0.5162,0.4328
bica_smiles_char_prot_electra_256,bica,smiles_char,prot_electra_256,1.3288,0.5398,0.4647
cnn_smiles_onehot_esmc_300M,cnn,smiles_onehot,esmc_300M,1.3329,0.524,0.4183
transformer_seq_smiles_atom_protein_wordpiece512,transformer_seq,smiles_atom,protein_wordpiece_512,1.336,0.4881,0.3535
ridge_chemberta_77M_esm2_35M_480,linear,chemberta_77M,esm2_35M_480,1.3368,0.5374,0.4534
bica_smiles_char_protein_char,bica,smiles_char,protein_char,1.337,0.478,0.3874
distmat_cnn_protein_char,distmat_cnn,distmat_100,protein_char,1.3434,0.4857,0.4228
transformer_smiles_char_protein_char,transformer,smiles_char,protein_char,1.345,0.4724,0.4059
ridge_chemberta_77M_esm2_650M,linear,chemberta_77M,esm2_650M,1.346,0.5441,0.4745
gcn_ecfp_aac,gcn,mol_graph,aac_20,1.3472,0.5171,0.4694
ridge_chemberta_5M_prot_electra_256,linear,chemberta_5M,prot_electra_256,1.3504,0.5484,0.5021
cnn_smiles_onehot_protein_char,cnn,smiles_onehot,protein_char,1.3524,0.5119,0.4501
gat_ecfp_aac,gat,mol_graph,aac_20,1.3525,0.5089,0.4499
cnn_smiles_onehot_kmer3_8000,cnn,smiles_onehot,kmer3_8000,1.3561,0.506,0.4302
gat_mol_graph_protein_char,gat,mol_graph,protein_char,1.3572,0.5162,0.4794
cnn_smiles_onehot_prot_electra_256,cnn,smiles_onehot,prot_electra_256,1.368,0.4855,0.4027
transformer_seq_smiles_bpe_1000_protein_bpe_1000,transformer_seq,smiles_bpe_1000,protein_bpe_1000,1.3698,0.5448,0.5124
transformer_seq_smiles_bpe_1000_protein_char,transformer_seq,smiles_bpe_1000,protein_char,1.373,0.5421,0.4843
cnn_smiles_onehot_esm2_650M,cnn,smiles_onehot,esm2_650M,1.3769,0.4916,0.4188
ridge_chemberta_77M_prot_electra_256,linear,chemberta_77M,prot_electra_256,1.3785,0.5189,0.4615
cnn_smiles_onehot_aac,cnn,smiles_onehot,aac_20,1.3787,0.5005,0.4371
ridge_chemberta_77M_esmc_300M,linear,chemberta_77M,esmc_300M,1.3871,0.5091,0.4546
gcn_mol_graph_protein_char,gcn,mol_graph,protein_char,1.3877,0.5025,0.4456
ridge_chemberta_600_esm2_35M_480,linear,chemberta_600,esm2_35M_480,1.388,0.5539,0.4919
cnn_smiles_onehot_esm2_35M_480,cnn,smiles_onehot,esm2_35M_480,1.3893,0.4968,0.4124
ridge_chemberta_600_esm2_150M,linear,chemberta_600,esm2_150M,1.3948,0.5546,0.4908
ridge_chemberta_600_kmer3_8000,linear,chemberta_600,kmer3_8000,1.3953,0.5599,0.4971
ridge_chemberta_100M_esm2_150M,linear,chemberta_100M,esm2_150M,1.4138,0.5296,0.4448
ridge_chemberta_100M_esm2_35M_480,linear,chemberta_100M,esm2_35M_480,1.4187,0.5187,0.4351
ridge_chemberta_600_esm2_650M,linear,chemberta_600,esm2_650M,1.4206,0.5556,0.5005
ridge_chemberta_100M_esm2_8M_320,linear,chemberta_100M,esm2_8M_320,1.4217,0.5028,0.4222
ridge_ecfp4_dipeptide,linear,ecfp4_1024,dipeptide_400,1.4227,0.5243,0.4634
mlp_smiles_char_protein_char,mlp,smiles_char,protein_char,1.4272,0.4681,0.3988
ridge_chemberta_600_esm2_8M_320,linear,chemberta_600,esm2_8M_320,1.4336,0.5202,0.4704
gp_ecfp4_esm2_8M,gp,ecfp4_1024,esm2_8M_320,1.4388,0.4685,0.4411
ridge_chemberta_100M_prot_electra_256,linear,chemberta_100M,prot_electra_256,1.4448,0.5152,0.4389
ridge_chemberta_600_prot_electra_256,linear,chemberta_600,prot_electra_256,1.4497,0.5308,0.4838
ridge_chemberta_100M_esmc_300M,linear,chemberta_100M,esmc_300M,1.4509,0.5079,0.4309
ridge_chemberta_600_protein_char,linear,chemberta_600,protein_char,1.4536,0.4737,0.4304
ridge_ecfp6_1024_prot_electra_256,linear,ecfp6_1024,prot_electra_256,1.4669,0.4999,0.4388
ridge_chemberta_100M_esm2_650M,linear,chemberta_100M,esm2_650M,1.4699,0.5181,0.4434
ridge_ecfp6_1024_kmer3_8000,linear,ecfp6_1024,kmer3_8000,1.4886,0.4929,0.4311
gp_ecfp4_esm2_35M,gp,ecfp4_1024,esm2_35M_480,1.4919,0.439,0.4136
transformer_seq_smiles_bpe1000_protein_bpe1000,transformer_seq,smiles_bpe_1000,protein_bpe_1000,1.5254,0.5091,0.5009
ridge_ecfp4_aac,linear,ecfp4_1024,aac_20,1.5498,0.4339,0.3907
ridge_ecfp6_1024_protein_char,linear,ecfp6_1024,protein_char,1.5608,0.4099,0.3671
ridge_smiles_char_kmer3_8000,linear,smiles_char,kmer3_8000,2.167,0.3431,0.3562
ridge_smiles_char_prot_electra_256,linear,smiles_char,prot_electra_256,2.1715,0.3459,0.3689
ridge_smiles_char_protein_char,linear,smiles_char,protein_char,2.4017,0.2396,0.2673
mlp_chemberta_esm2_8M_dsm,mlp,chemberta_600,esm2_8M_320,6.8504,0.135,0.1046
