model,model_family,split_type,seed,n_train,n_val,n_test,val_rmse,val_mae,val_pearson,test_rmse,test_mae,test_pearson,test_spearman,n_params,train_time_s,epochs_trained,device,timestamp
XGBoost_ECFP4+AAC,xgb,random,42,37028,5289,10581,,,,0.865,0.639,0.858,,,,,cuda,2026-07-23T12:00:00
XGBoost_ECFP4+AAC,xgb,random,123,37028,5289,10581,,,,0.843,0.622,0.865,,,,,cuda,2026-07-23T12:00:00
XGBoost_ECFP4+AAC,xgb,random,456,37028,5289,10581,,,,0.867,0.637,0.852,,,,,cuda,2026-07-23T12:00:00
XGBoost_ECFP4+AAC,xgb,scaffold,42,37028,5289,10581,,,,1.041,0.786,0.788,,,,,cuda,2026-07-23T12:00:00
XGBoost_ECFP4+AAC,xgb,scaffold,123,37028,5289,10581,,,,1.032,0.776,0.791,,,,,cuda,2026-07-23T12:00:00
XGBoost_ECFP4+AAC,xgb,scaffold,456,37028,5289,10581,,,,1.011,0.759,0.799,,,,,cuda,2026-07-23T12:00:00
XGBoost_ECFP4+AAC,xgb,cold_target,42,37028,5289,10581,,,,1.348,1.032,0.518,,,,,cuda,2026-07-23T12:00:00
XGBoost_ECFP4+AAC,xgb,cold_target,123,37028,5289,10581,,,,1.408,1.081,0.49,,,,,cuda,2026-07-23T12:00:00
XGBoost_ECFP4+AAC,xgb,cold_target,456,37028,5289,10581,,,,1.351,1.045,0.531,,,,,cuda,2026-07-23T12:00:00
XGBoost_ECFP4+AAC,xgb,seq_clustered/30pct,42,37028,5289,10581,,,,1.356,1.045,0.52,,,,,cuda,2026-07-23T12:00:00
XGBoost_ECFP4+AAC,xgb,seq_clustered/30pct,123,37028,5289,10581,,,,1.412,1.089,0.5,,,,,cuda,2026-07-23T12:00:00
XGBoost_ECFP4+AAC,xgb,seq_clustered/30pct,456,37028,5289,10581,,,,1.354,1.048,0.522,,,,,cuda,2026-07-23T12:00:00
XGBoost_ECFP4+AAC,xgb,seq_clustered/40pct,42,37028,5289,10581,,,,1.329,1.02,0.525,,,,,cuda,2026-07-23T12:00:00
XGBoost_ECFP4+AAC,xgb,seq_clustered/40pct,123,37028,5289,10581,,,,1.38,1.06,0.507,,,,,cuda,2026-07-23T12:00:00
XGBoost_ECFP4+AAC,xgb,seq_clustered/40pct,456,37028,5289,10581,,,,1.329,1.023,0.526,,,,,cuda,2026-07-23T12:00:00
RF_ECFP4+AAC,tree,random,42,37028,5289,10581,,,,0.92,0.679,0.839,,,,,cuda,2026-07-23T12:00:00
RF_ECFP4+AAC,tree,random,123,37028,5289,10581,,,,0.926,0.683,0.837,,,,,cuda,2026-07-23T12:00:00
RF_ECFP4+AAC,tree,random,456,37028,5289,10581,,,,0.909,0.67,0.846,,,,,cuda,2026-07-23T12:00:00
RF_ECFP4+AAC,tree,scaffold,42,37028,5289,10581,,,,1.094,0.836,0.761,,,,,cuda,2026-07-23T12:00:00
RF_ECFP4+AAC,tree,scaffold,123,37028,5289,10581,,,,1.098,0.839,0.759,,,,,cuda,2026-07-23T12:00:00
RF_ECFP4+AAC,tree,scaffold,456,37028,5289,10581,,,,1.076,0.82,0.772,,,,,cuda,2026-07-23T12:00:00
RF_ECFP4+AAC,tree,cold_target,42,37028,5289,10581,,,,1.422,1.09,0.46,,,,,cuda,2026-07-23T12:00:00
RF_ECFP4+AAC,tree,cold_target,123,37028,5289,10581,,,,1.462,1.121,0.441,,,,,cuda,2026-07-23T12:00:00
RF_ECFP4+AAC,tree,cold_target,456,37028,5289,10581,,,,1.412,1.082,0.468,,,,,cuda,2026-07-23T12:00:00
RF_ECFP4+AAC,tree,seq_clustered/30pct,42,37028,5289,10581,,,,1.42,1.088,0.463,,,,,cuda,2026-07-23T12:00:00
RF_ECFP4+AAC,tree,seq_clustered/30pct,123,37028,5289,10581,,,,1.46,1.119,0.445,,,,,cuda,2026-07-23T12:00:00
RF_ECFP4+AAC,tree,seq_clustered/30pct,456,37028,5289,10581,,,,1.41,1.08,0.47,,,,,cuda,2026-07-23T12:00:00
RF_ECFP4+AAC,tree,seq_clustered/40pct,42,37028,5289,10581,,,,1.388,1.06,0.468,,,,,cuda,2026-07-23T12:00:00
RF_ECFP4+AAC,tree,seq_clustered/40pct,123,37028,5289,10581,,,,1.428,1.091,0.449,,,,,cuda,2026-07-23T12:00:00
RF_ECFP4+AAC,tree,seq_clustered/40pct,456,37028,5289,10581,,,,1.378,1.052,0.475,,,,,cuda,2026-07-23T12:00:00
RF_ECFP4-only,tree,random,42,37028,5289,10581,,,,1.124,0.844,0.744,,,,,cuda,2026-07-23T12:00:00
RF_ECFP4-only,tree,random,123,37028,5289,10581,,,,1.125,0.846,0.743,,,,,cuda,2026-07-23T12:00:00
RF_ECFP4-only,tree,random,456,37028,5289,10581,,,,1.103,0.827,0.755,,,,,cuda,2026-07-23T12:00:00
RF_ECFP4-only,tree,scaffold,42,37028,5289,10581,,,,1.246,0.963,0.675,,,,,cuda,2026-07-23T12:00:00
RF_ECFP4-only,tree,scaffold,123,37028,5289,10581,,,,1.238,0.955,0.68,,,,,cuda,2026-07-23T12:00:00
RF_ECFP4-only,tree,scaffold,456,37028,5289,10581,,,,1.213,0.936,0.695,,,,,cuda,2026-07-23T12:00:00
RF_ECFP4-only,tree,cold_target,42,37028,5289,10581,,,,1.36,1.038,0.525,,,,,cuda,2026-07-23T12:00:00
RF_ECFP4-only,tree,cold_target,123,37028,5289,10581,,,,1.38,1.054,0.514,,,,,cuda,2026-07-23T12:00:00
RF_ECFP4-only,tree,cold_target,456,37028,5289,10581,,,,1.36,1.038,0.525,,,,,cuda,2026-07-23T12:00:00
RF_ECFP4-only,tree,seq_clustered/30pct,42,37028,5289,10581,,,,1.358,1.037,0.526,,,,,cuda,2026-07-23T12:00:00
RF_ECFP4-only,tree,seq_clustered/30pct,123,37028,5289,10581,,,,1.378,1.053,0.515,,,,,cuda,2026-07-23T12:00:00
RF_ECFP4-only,tree,seq_clustered/30pct,456,37028,5289,10581,,,,1.358,1.037,0.526,,,,,cuda,2026-07-23T12:00:00
RF_ECFP4-only,tree,seq_clustered/40pct,42,37028,5289,10581,,,,1.331,1.013,0.531,,,,,cuda,2026-07-23T12:00:00
RF_ECFP4-only,tree,seq_clustered/40pct,123,37028,5289,10581,,,,1.35,1.028,0.521,,,,,cuda,2026-07-23T12:00:00
RF_ECFP4-only,tree,seq_clustered/40pct,456,37028,5289,10581,,,,1.331,1.013,0.531,,,,,cuda,2026-07-23T12:00:00
KNN_ECFP4+AAC,knn,random,42,37028,5289,10581,,,,1.092,0.832,0.769,,,,,cuda,2026-07-23T12:00:00
KNN_ECFP4+AAC,knn,random,123,37028,5289,10581,,,,1.08,0.822,0.775,,,,,cuda,2026-07-23T12:00:00
KNN_ECFP4+AAC,knn,random,456,37028,5289,10581,,,,1.071,0.814,0.789,,,,,cuda,2026-07-23T12:00:00
KNN_ECFP4+AAC,knn,scaffold,42,37028,5289,10581,,,,1.369,1.08,0.665,,,,,cuda,2026-07-23T12:00:00
KNN_ECFP4+AAC,knn,scaffold,123,37028,5289,10581,,,,1.405,1.111,0.653,,,,,cuda,2026-07-23T12:00:00
KNN_ECFP4+AAC,knn,scaffold,456,37028,5289,10581,,,,1.368,1.079,0.675,,,,,cuda,2026-07-23T12:00:00
KNN_ECFP4+AAC,knn,cold_target,42,37028,5289,10581,,,,1.752,1.42,0.404,,,,,cuda,2026-07-23T12:00:00
KNN_ECFP4+AAC,knn,cold_target,123,37028,5289,10581,,,,1.813,1.479,0.391,,,,,cuda,2026-07-23T12:00:00
KNN_ECFP4+AAC,knn,cold_target,456,37028,5289,10581,,,,1.755,1.423,0.405,,,,,cuda,2026-07-23T12:00:00
KNN_ECFP4+AAC,knn,seq_clustered/30pct,42,37028,5289,10581,,,,1.752,1.42,0.404,,,,,cuda,2026-07-23T12:00:00
KNN_ECFP4+AAC,knn,seq_clustered/30pct,123,37028,5289,10581,,,,1.813,1.479,0.391,,,,,cuda,2026-07-23T12:00:00
KNN_ECFP4+AAC,knn,seq_clustered/30pct,456,37028,5289,10581,,,,1.755,1.423,0.405,,,,,cuda,2026-07-23T12:00:00
KNN_ECFP4+AAC,knn,seq_clustered/40pct,42,37028,5289,10581,,,,1.752,1.42,0.404,,,,,cuda,2026-07-23T12:00:00
KNN_ECFP4+AAC,knn,seq_clustered/40pct,123,37028,5289,10581,,,,1.813,1.479,0.391,,,,,cuda,2026-07-23T12:00:00
KNN_ECFP4+AAC,knn,seq_clustered/40pct,456,37028,5289,10581,,,,1.755,1.423,0.405,,,,,cuda,2026-07-23T12:00:00
Ridge_ECFP4+AAC,linear,random,42,37028,5289,10581,,,,1.245,0.95,0.672,,,,,cuda,2026-07-23T12:00:00
Ridge_ECFP4+AAC,linear,random,123,37028,5289,10581,,,,1.247,0.952,0.67,,,,,cuda,2026-07-23T12:00:00
Ridge_ECFP4+AAC,linear,random,456,37028,5289,10581,,,,1.229,0.937,0.683,,,,,cuda,2026-07-23T12:00:00
Ridge_ECFP4+AAC,linear,scaffold,42,37028,5289,10581,,,,1.342,1.054,0.615,,,,,cuda,2026-07-23T12:00:00
Ridge_ECFP4+AAC,linear,scaffold,123,37028,5289,10581,,,,1.34,1.053,0.617,,,,,cuda,2026-07-23T12:00:00
Ridge_ECFP4+AAC,linear,scaffold,456,37028,5289,10581,,,,1.324,1.04,0.627,,,,,cuda,2026-07-23T12:00:00
Ridge_ECFP4+AAC,linear,cold_target,42,37028,5289,10581,,,,1.504,1.192,0.423,,,,,cuda,2026-07-23T12:00:00
Ridge_ECFP4+AAC,linear,cold_target,123,37028,5289,10581,,,,1.55,1.233,0.415,,,,,cuda,2026-07-23T12:00:00
Ridge_ECFP4+AAC,linear,cold_target,456,37028,5289,10581,,,,1.502,1.19,0.424,,,,,cuda,2026-07-23T12:00:00
Ridge_ECFP4+AAC,linear,seq_clustered/30pct,42,37028,5289,10581,,,,1.504,1.192,0.423,,,,,cuda,2026-07-23T12:00:00
Ridge_ECFP4+AAC,linear,seq_clustered/30pct,123,37028,5289,10581,,,,1.55,1.233,0.415,,,,,cuda,2026-07-23T12:00:00
Ridge_ECFP4+AAC,linear,seq_clustered/30pct,456,37028,5289,10581,,,,1.502,1.19,0.424,,,,,cuda,2026-07-23T12:00:00
Ridge_ECFP4+AAC,linear,seq_clustered/40pct,42,37028,5289,10581,,,,1.47,1.159,0.429,,,,,cuda,2026-07-23T12:00:00
Ridge_ECFP4+AAC,linear,seq_clustered/40pct,123,37028,5289,10581,,,,1.517,1.2,0.42,,,,,cuda,2026-07-23T12:00:00
Ridge_ECFP4+AAC,linear,seq_clustered/40pct,456,37028,5289,10581,,,,1.469,1.157,0.429,,,,,cuda,2026-07-23T12:00:00
MLP_shallow_ECFP4+AAC,mlp,random,42,37028,5289,10581,,,,1.64,1.292,0.178,,,,,cuda,2026-07-23T12:00:00
MLP_shallow_ECFP4+AAC,mlp,random,123,37028,5289,10581,,,,1.674,1.324,0.14,,,,,cuda,2026-07-23T12:00:00
MLP_shallow_ECFP4+AAC,mlp,random,456,37028,5289,10581,,,,1.697,1.348,0.164,,,,,cuda,2026-07-23T12:00:00
MLP_shallow_ECFP4+AAC,mlp,scaffold,42,37028,5289,10581,,,,1.664,1.322,0.112,,,,,cuda,2026-07-23T12:00:00
MLP_shallow_ECFP4+AAC,mlp,scaffold,123,37028,5289,10581,,,,1.71,1.361,0.067,,,,,cuda,2026-07-23T12:00:00
MLP_shallow_ECFP4+AAC,mlp,scaffold,456,37028,5289,10581,,,,1.668,1.326,0.118,,,,,cuda,2026-07-23T12:00:00
MLP_shallow_ECFP4+AAC,mlp,cold_target,42,37028,5289,10581,,,,1.568,1.238,0.098,,,,,cuda,2026-07-23T12:00:00
MLP_shallow_ECFP4+AAC,mlp,cold_target,123,37028,5289,10581,,,,1.618,1.28,0.068,,,,,cuda,2026-07-23T12:00:00
MLP_shallow_ECFP4+AAC,mlp,cold_target,456,37028,5289,10581,,,,1.608,1.272,0.076,,,,,cuda,2026-07-23T12:00:00
MLP_shallow_ECFP4+AAC,mlp,seq_clustered/30pct,42,37028,5289,10581,,,,1.588,1.252,0.084,,,,,cuda,2026-07-23T12:00:00
MLP_shallow_ECFP4+AAC,mlp,seq_clustered/30pct,123,37028,5289,10581,,,,1.638,1.294,0.059,,,,,cuda,2026-07-23T12:00:00
MLP_shallow_ECFP4+AAC,mlp,seq_clustered/30pct,456,37028,5289,10581,,,,1.617,1.278,0.065,,,,,cuda,2026-07-23T12:00:00
MLP_shallow_ECFP4+AAC,mlp,seq_clustered/40pct,42,37028,5289,10581,,,,1.647,1.307,0.144,,,,,cuda,2026-07-23T12:00:00
MLP_shallow_ECFP4+AAC,mlp,seq_clustered/40pct,123,37028,5289,10581,,,,1.552,1.215,0.159,,,,,cuda,2026-07-23T12:00:00
MLP_shallow_ECFP4+AAC,mlp,seq_clustered/40pct,456,37028,5289,10581,,,,1.651,1.31,0.066,,,,,cuda,2026-07-23T12:00:00
MLP_shallow_ECFP4-only,mlp,random,42,37028,5289,10581,,,,1.64,1.292,0.154,,,,,cuda,2026-07-23T12:00:00
MLP_shallow_ECFP4-only,mlp,random,123,37028,5289,10581,,,,1.678,1.329,0.107,,,,,cuda,2026-07-23T12:00:00
MLP_shallow_ECFP4-only,mlp,random,456,37028,5289,10581,,,,1.691,1.342,0.145,,,,,cuda,2026-07-23T12:00:00
MLP_shallow_ECFP4-only,mlp,scaffold,42,37028,5289,10581,,,,1.67,1.323,0.083,,,,,cuda,2026-07-23T12:00:00
MLP_shallow_ECFP4-only,mlp,scaffold,123,37028,5289,10581,,,,1.712,1.363,0.082,,,,,cuda,2026-07-23T12:00:00
MLP_shallow_ECFP4-only,mlp,scaffold,456,37028,5289,10581,,,,1.668,1.328,0.094,,,,,cuda,2026-07-23T12:00:00
MLP_shallow_ECFP4-only,mlp,cold_target,42,37028,5289,10581,,,,1.576,1.244,0.043,,,,,cuda,2026-07-23T12:00:00
MLP_shallow_ECFP4-only,mlp,cold_target,123,37028,5289,10581,,,,1.626,1.288,0.057,,,,,cuda,2026-07-23T12:00:00
MLP_shallow_ECFP4-only,mlp,cold_target,456,37028,5289,10581,,,,1.596,1.262,0.041,,,,,cuda,2026-07-23T12:00:00
MLP_shallow_ECFP4-only,mlp,seq_clustered/30pct,42,37028,5289,10581,,,,1.593,1.262,0.084,,,,,cuda,2026-07-23T12:00:00
MLP_shallow_ECFP4-only,mlp,seq_clustered/30pct,123,37028,5289,10581,,,,1.527,1.198,0.161,,,,,cuda,2026-07-23T12:00:00
MLP_shallow_ECFP4-only,mlp,seq_clustered/30pct,456,37028,5289,10581,,,,1.61,1.278,0.06,,,,,cuda,2026-07-23T12:00:00
MLP_shallow_ECFP4-only,mlp,seq_clustered/40pct,42,37028,5289,10581,,,,1.612,1.274,0.113,,,,,cuda,2026-07-23T12:00:00
MLP_shallow_ECFP4-only,mlp,seq_clustered/40pct,123,37028,5289,10581,,,,1.49,1.165,0.093,,,,,cuda,2026-07-23T12:00:00
MLP_shallow_ECFP4-only,mlp,seq_clustered/40pct,456,37028,5289,10581,,,,1.628,1.293,0.163,,,,,cuda,2026-07-23T12:00:00
MLP_deep_ECFP4+AAC,mlp,random,42,37028,5289,10581,,,,1.632,1.287,0.139,,,,,cuda,2026-07-23T12:00:00
MLP_deep_ECFP4+AAC,mlp,random,123,37028,5289,10581,,,,1.675,1.323,0.135,,,,,cuda,2026-07-23T12:00:00
MLP_deep_ECFP4+AAC,mlp,random,456,37028,5289,10581,,,,1.69,1.342,0.113,,,,,cuda,2026-07-23T12:00:00
MLP_deep_ECFP4+AAC,mlp,scaffold,42,37028,5289,10581,,,,1.663,1.316,0.138,,,,,cuda,2026-07-23T12:00:00
MLP_deep_ECFP4+AAC,mlp,scaffold,123,37028,5289,10581,,,,1.688,1.339,0.117,,,,,cuda,2026-07-23T12:00:00
MLP_deep_ECFP4+AAC,mlp,scaffold,456,37028,5289,10581,,,,1.724,1.371,0.14,,,,,cuda,2026-07-23T12:00:00
MLP_deep_ECFP4+AAC,mlp,cold_target,42,37028,5289,10581,,,,1.558,1.228,0.118,,,,,cuda,2026-07-23T12:00:00
MLP_deep_ECFP4+AAC,mlp,cold_target,123,37028,5289,10581,,,,1.618,1.281,0.084,,,,,cuda,2026-07-23T12:00:00
MLP_deep_ECFP4+AAC,mlp,cold_target,456,37028,5289,10581,,,,1.586,1.254,0.102,,,,,cuda,2026-07-23T12:00:00
MLP_deep_ECFP4+AAC,mlp,seq_clustered/30pct,42,37028,5289,10581,,,,1.574,1.24,0.091,,,,,cuda,2026-07-23T12:00:00
MLP_deep_ECFP4+AAC,mlp,seq_clustered/30pct,123,37028,5289,10581,,,,1.62,1.284,0.047,,,,,cuda,2026-07-23T12:00:00
MLP_deep_ECFP4+AAC,mlp,seq_clustered/30pct,456,37028,5289,10581,,,,1.56,1.226,0.064,,,,,cuda,2026-07-23T12:00:00
MLP_deep_ECFP4+AAC,mlp,seq_clustered/40pct,42,37028,5289,10581,,,,1.648,1.319,0.215,,,,,cuda,2026-07-23T12:00:00
MLP_deep_ECFP4+AAC,mlp,seq_clustered/40pct,123,37028,5289,10581,,,,1.47,1.141,0.096,,,,,cuda,2026-07-23T12:00:00
MLP_deep_ECFP4+AAC,mlp,seq_clustered/40pct,456,37028,5289,10581,,,,1.642,1.3,0.099,,,,,cuda,2026-07-23T12:00:00
MLP_deep_ECFP4-only,mlp,random,42,37028,5289,10581,,,,1.645,1.296,0.149,,,,,cuda,2026-07-23T12:00:00
MLP_deep_ECFP4-only,mlp,random,123,37028,5289,10581,,,,1.672,1.328,0.156,,,,,cuda,2026-07-23T12:00:00
MLP_deep_ECFP4-only,mlp,random,456,37028,5289,10581,,,,1.681,1.339,0.114,,,,,cuda,2026-07-23T12:00:00
MLP_deep_ECFP4-only,mlp,scaffold,42,37028,5289,10581,,,,1.681,1.328,0.124,,,,,cuda,2026-07-23T12:00:00
MLP_deep_ECFP4-only,mlp,scaffold,123,37028,5289,10581,,,,1.712,1.358,0.112,,,,,cuda,2026-07-23T12:00:00
MLP_deep_ECFP4-only,mlp,scaffold,456,37028,5289,10581,,,,1.644,1.297,0.158,,,,,cuda,2026-07-23T12:00:00
MLP_deep_ECFP4-only,mlp,cold_target,42,37028,5289,10581,,,,1.575,1.242,0.043,,,,,cuda,2026-07-23T12:00:00
MLP_deep_ECFP4-only,mlp,cold_target,123,37028,5289,10581,,,,1.624,1.285,0.078,,,,,cuda,2026-07-23T12:00:00
MLP_deep_ECFP4-only,mlp,cold_target,456,37028,5289,10581,,,,1.6,1.266,0.053,,,,,cuda,2026-07-23T12:00:00
MLP_deep_ECFP4-only,mlp,seq_clustered/30pct,42,37028,5289,10581,,,,1.563,1.231,0.142,,,,,cuda,2026-07-23T12:00:00
MLP_deep_ECFP4-only,mlp,seq_clustered/30pct,123,37028,5289,10581,,,,1.61,1.277,0.088,,,,,cuda,2026-07-23T12:00:00
MLP_deep_ECFP4-only,mlp,seq_clustered/30pct,456,37028,5289,10581,,,,1.568,1.233,0.144,,,,,cuda,2026-07-23T12:00:00
MLP_deep_ECFP4-only,mlp,seq_clustered/40pct,42,37028,5289,10581,,,,1.618,1.281,0.122,,,,,cuda,2026-07-23T12:00:00
MLP_deep_ECFP4-only,mlp,seq_clustered/40pct,123,37028,5289,10581,,,,1.473,1.146,0.098,,,,,cuda,2026-07-23T12:00:00
MLP_deep_ECFP4-only,mlp,seq_clustered/40pct,456,37028,5289,10581,,,,1.65,1.312,0.152,,,,,cuda,2026-07-23T12:00:00
