model,n,rmse,rmse_ci_low,rmse_ci_high,r_ci_low,r_ci_high
rf_ecfp4_aac__cold_drug,4939,0.92305535,0.9006682813167572,0.9451870679855346,0.7511538783798347,0.7790432969397888
xgb_ecfp4_aac__cold_drug,4939,0.9717442,0.9512773916125298,0.9936419039964676,0.7226682413463918,0.7514142219120037
bica_v2_chemberta77M_tokens__cold_drug,4939,0.9890701,0.9643448501825332,1.0162304013967514,0.7112588191354589,0.7452409827127442
mlp_chemberta_esm2_8M__cold_drug,4939,1.003577,0.9792055428028107,1.026669579744339,0.7072733476073461,0.7394316393345937
rf_ecfp4_aac,4715,1.0065142,0.9796729326248169,1.0304098397493362,0.7299855055895883,0.7624236636020917
rf_ecfp4_dipeptide,4715,1.0191966,0.9901490017771721,1.0486816376447679,0.7223197570284376,0.7543725715092346
xgb_chemberta_5M_esm2_650M,4715,1.0433551,1.01775980591774,1.0707858741283416,0.7070563880581516,0.7413934531975711
xgb_chemberta_5M_esm2_35M_480,4715,1.047313,1.0226548254489898,1.0736845850944519,0.7058235691177479,0.7376862718366464
xgb_ecfp4_esm2_8M,4715,1.0483239,1.0230214536190032,1.0746922254562379,0.7037343560365172,0.7370151313840992
xgb_ecfp4_esm2_8M__seed456,4837,1.0509938,1.0261329382658004,1.0738680690526963,0.6737217769192361,0.7087212765351243
rf_ecfp4_aac__seed456,4837,1.0516485,1.0271120876073838,1.075696375966072,0.6763731450375541,0.7109441713760883
xgb_chemberta_600_esm2_650M,4715,1.0521662,1.0254123002290725,1.0771173626184463,0.701532860965006,0.7347010396382433
xgb_ecfp4_aac,4715,1.0523397,1.027379322052002,1.0778113186359406,0.700570007713236,0.7348050458045323
lgbm_ecfp4_aac,4715,1.0528293,1.028056487441063,1.0795583546161651,0.7022214502129889,0.7361560241691224
xgb_chemberta_5M_esm2_8M_320,4715,1.0554404,1.0317366659641265,1.0821345686912536,0.7004988723086901,0.7326769094044961
bica_v2_hybrid_nature,4715,1.0557398,1.0289354622364044,1.0847637355327606,0.6985278780384945,0.7347303511848956
xgb_chemberta_5M_prot_electra_256,4715,1.0565532,1.0306791216135025,1.082443255186081,0.6973756064559105,0.7302858670534277
xgb_chemberta_600_esm2_35M_480,4715,1.0577205,1.0313114941120147,1.0834330022335052,0.6970508444540072,0.7314061644089868
xgb_chemberta_600_prot_electra_256,4715,1.0579747,1.0331480115652085,1.0848397612571716,0.6978546529663764,0.7312150156128756
xgb_chemberta_prot_electra,4715,1.0579747,1.0311816871166228,1.0826747596263886,0.6972641274774775,0.7296839797059376
xgb_chemberta_5M_esm2_150M,4715,1.0587113,1.0332395792007447,1.0863276839256286,0.6979369563327646,0.7305326397459756
xgb_chemberta_5M_esmc_300M,4715,1.0599234,1.033332771062851,1.0847382724285126,0.696913492157859,0.7298983059276563
xgb_chemberta_600_esmc_300M,4715,1.0626612,1.0372889935970306,1.0874739557504653,0.6939016963175236,0.7280205920232632
bica_v2_chemberta77M_tokens__seed456,4837,1.064973,1.0416672497987747,1.0897502839565276,0.6574728703976505,0.6935381453027175
xgb_chemberta_77M_esm2_650M,4715,1.066099,1.041312175989151,1.091216081380844,0.6931699146321452,0.7273284922126552
xgb_chemberta_100M_esm2_650M,4715,1.0661995,1.0429473608732223,1.0916244238615036,0.6921159442717212,0.7248820215798835
xgb_chemberta_600_esm2_8M_320,4715,1.0670179,1.0417270421981812,1.0929955899715424,0.6921647877907714,0.7252654828599487
xgb_chemberta_esm2_8M,4715,1.0670179,1.0429639846086503,1.0922841370105743,0.6928377272818929,0.726284253532335
bica_chemberta_esm2_8M__cold_drug,4939,1.0671972,1.0394204795360564,1.0931427299976348,0.6601373675475931,0.6984652153825017
xgb_chemberta_600_kmer3_8000,4715,1.0687051,1.0425969123840333,1.0948934584856034,0.6890462536833024,0.7232434041035956
xgb_ecfp6_kmer3,4715,1.069087,1.044297730922699,1.0946172833442689,0.6898229605448891,0.7245505606594227
xgb_ecfp6_1024_kmer3_8000,4715,1.069087,1.0439596265554427,1.096316745877266,0.6895098007707738,0.7242353230536074
xgb_chemberta_esm2_8M__seed456,4837,1.0692829,1.0436141431331634,1.091488888859749,0.6567335411236817,0.6935857493638885
xgb_chemberta_600_esm2_150M,4715,1.0694227,1.0440762639045715,1.0945402950048446,0.6901242028539981,0.7242728282738802
xgb_chemberta_100M_esmc_300M,4715,1.0716192,1.0473890751600266,1.098780333995819,0.6883626303783896,0.7220066703711229
xgb_chemberta_100M_esm2_35M_480,4715,1.0716629,1.0469650149345398,1.0948118180036546,0.6888001321638798,0.721979501817836
xgb_chemberta_100M_esm2_8M_320,4715,1.0718318,1.0487013429403305,1.094322407245636,0.6885384713489726,0.7224011783403942
xgb_chemberta_77M_esm2_8M_320,4715,1.072184,1.0470380306243896,1.1002873867750167,0.6874333935352525,0.7220319528063158
xgb_ecfp6_1024_prot_electra_256,4715,1.0725726,1.0458164811134338,1.1014756470918656,0.6881686428818445,0.7219436853087526
rf_ecfp4_aac__seed123,4925,1.0727942,1.0462096631526947,1.0993391633033753,0.6644245657445168,0.6996574451524152
mlp_chemberta_5M_esm2_8M_320,4715,1.0743682,1.0458494156599045,1.1048078417778016,0.6973499399256794,0.7329232011001
xgb_chemberta_100M_esm2_150M,4715,1.0770046,1.0540225118398667,1.1022713392972947,0.6858876152449029,0.7193420724475663
xgb_chemberta_77M_esm2_35M_480,4715,1.0770867,1.0512456268072128,1.1027210503816605,0.6844128542772093,0.7198727907443233
xgb_chemberta_100M_prot_electra_256,4715,1.077522,1.052195093035698,1.1034378409385681,0.683771258891557,0.7188987010809509
xgb_chemberta_prot_electra__seed123,4925,1.0778373,1.0542607933282853,1.1035992801189423,0.6536359075619248,0.6897023898607584
xgb_chemberta_77M_esmc_300M,4715,1.0780404,1.0496415823698044,1.1056206434965135,0.6836691072278454,0.7203707492441259
xgb_chemberta_prot_electra__seed456,4837,1.0795066,1.0560998678207398,1.1021363198757173,0.6533012107417063,0.688479302409501
mlp_chemberta_77M_esm2_8M_320,4715,1.0795789,1.0511561900377273,1.10987848341465,0.691830134287344,0.7273904428308307
mlp_chemberta_77M_esm2_35M_480,4715,1.0800551,1.0502112925052642,1.1106678307056428,0.6973901382627586,0.732861289280017
xgb_chemberta_77M_prot_electra_256,4715,1.08164,1.0536311894655228,1.109630036354065,0.6800940451369558,0.7175341963257102
xgb_ecfp4_esm2_8M__seed123,4925,1.0818477,1.0570353746414185,1.1066171735525132,0.6551654394266178,0.6907015405402979
xgb_chemberta_77M_esm2_150M,4715,1.0821882,1.0575824052095413,1.1089308232069015,0.6818268097001869,0.7162421862151275
xgb_ecfp4_aac__seed456,4837,1.0838157,1.061096340417862,1.106426876783371,0.6494848874329768,0.6842160521597739
xgb_chemberta_esm2_8M__seed123,4925,1.0882258,1.064904311299324,1.1126371502876282,0.6444049369315477,0.6805285650232072
xgb_chemberta_600_protein_char,4715,1.0893292,1.0649992287158967,1.1146752953529357,0.6775001139242374,0.7123843912910693
xgb_chemberta_aac,4715,1.0893292,1.0634299367666245,1.1130563139915466,0.6785070282156768,0.7101211930063246
mlp_chemberta_600_esm2_650M,4715,1.0901177,1.058933711051941,1.1213175117969514,0.6856915260799417,0.7225407311863035
bica_v2_xgb_hybrid,4715,1.0906146,1.059505158662796,1.121192854642868,0.6861782298001248,0.7223396987202463
lgbm_ecfp4_aac__seed456,4837,1.0906409,1.068340826034546,1.1128901958465576,0.6441266312500019,0.6793117734799504
xgb_chemberta_aac__seed456,4837,1.0917904,1.0698224782943726,1.112824159860611,0.6368953727677383,0.6728235729243134
xgb_ecfp6_1024_protein_char,4715,1.0919958,1.0679346054792405,1.1159993767738343,0.6756114835760619,0.710058445655686
mlp_chemberta_600_prot_electra_256,4715,1.0941596,1.0620490252971648,1.1248382091522218,0.6876539673135021,0.7278126789148939
mlp_chemberta_600_esmc_300M,4715,1.0977924,1.0703197032213212,1.1269165396690368,0.6782687429464461,0.7168464030191365
mlp_chemberta_100M_esm2_650M,4715,1.100656,1.073645356297493,1.126965919137001,0.6837812504823615,0.7210130458674039
bica_v2_hybrid_rf_test,4715,1.1025332,1.0708356142044066,1.1354680418968202,0.6830295229105621,0.722322739845347
mlp_chemberta_5M_esm2_35M_480,4715,1.1035831,1.0734753340482712,1.1332056403160096,0.6869189498062644,0.7238895873161556
mlp_chemberta_100M_esmc_300M,4715,1.1061879,1.0798282355070115,1.1319447070360185,0.6757022068565114,0.7105612552113821
mlp_medium_ecfp4_dipeptide,4715,1.1081687,1.0829641938209533,1.134263589978218,0.6835822720207929,0.719045123341968
mlp_chemberta_600_esm2_8M_320,4715,1.1090649,1.081539696455002,1.1379876047372819,0.6746896953828958,0.7126067676163562
distmat_cnn_distmat_100_esm2_35M_480,4715,1.1092048,1.0796087294816972,1.1392137706279755,0.677962895964624,0.7164971877996675
mlp_chemberta_77M_esm2_650M,4715,1.1115153,1.0831108659505844,1.1418680906295777,0.6812811743528224,0.7180110811385
mlp_ecfp4_prot_electra,4715,1.1128603,1.0871528685092926,1.1415916413068772,0.6757544002969704,0.7136175046506628
distmat_cnn_esm2_8M,4715,1.1147096,1.0887683749198913,1.141036006808281,0.6715487041893304,0.7072521793576254
bica_v2_chemberta77M_tokens,4715,1.1157193,1.0879452019929885,1.144324204325676,0.6701127167216135,0.7079662973200629
mlp_chemberta_77M_esmc_300M,4715,1.1172359,1.088953924179077,1.1488098710775376,0.666518660082327,0.7042740721977618
lgbm_ecfp4_aac__seed123,4925,1.1173923,1.0920079708099366,1.1422208398580551,0.6323774556462307,0.6697765817723708
mlp_chemberta_prot_electra__seed123,4925,1.1179339,1.0887753516435623,1.146490067243576,0.6459896118971764,0.6835062078115822
transformer_chemberta_100M_prot_electra_256,4715,1.1193665,1.0933274149894714,1.1449984639883042,0.6606278989458719,0.6971223996362009
mlp_deep_ecfp6_kmer3__seed456,4837,1.1212178,1.0940617233514787,1.148566296696663,0.6406227913756601,0.6807375050251138
mlp_wide_maccs_dipeptide,4715,1.1213032,1.0903349697589875,1.15212984085083,0.6813416118038748,0.7176147012025565
mlp_chemberta_prot_electra__seed456,4837,1.1213244,1.0961010366678239,1.1457727164030076,0.6247760699633153,0.6648867616379158
mlp_chemberta_5M_esm2_650M,4715,1.1216222,1.0902790516614913,1.1558752804994583,0.6586739100755388,0.7008264348896057
mlp_chemberta_600_kmer3_8000,4715,1.1227363,1.09622565805912,1.1500287920236587,0.6638299169155402,0.7020451543840585
bica_v2_chemberta77M_tokens__seed123,4925,1.1231883,1.0984023243188858,1.1492710053920745,0.6466079336513553,0.6846247607837233
mlp_ecfp4_esm2_8M__seed456,4837,1.1233394,1.0972687602043152,1.1469801217317581,0.6385279000062284,0.6779355165125248
mlp_chemberta_5M_esm2_150M,4715,1.1238965,1.092512184381485,1.1582300037145614,0.6648344842724281,0.7054818291934074
mlp_chemberta_dipeptide,4715,1.124572,1.0984918862581252,1.1521831631660462,0.6704025382443852,0.7066732742519416
distmat_cnn_distmat_100_esm2_150M,4715,1.126522,1.0961093783378602,1.1550524145364762,0.6564871451051267,0.6967434380518492
mlp_chemberta_5M_prot_electra_256,4715,1.1266097,1.0952912539243698,1.1548894077539444,0.6604023793417413,0.7002328469264305
mlp_ecfp4_esm2_8M,4715,1.1292895,1.1005018800497055,1.1577680557966232,0.6684995922579682,0.705794691130688
xgb_smiles_char_kmer3_8000,4715,1.1293107,1.1026105254888534,1.156689038872719,0.6460702574402674,0.6849993458420878
transformer_chemberta_5M_esm2_150M,4715,1.1296369,1.099080365896225,1.162271824479103,0.6692364812180968,0.7093122829073789
concat_baseline,4715,1.1302005,1.0998742640018464,1.1606152802705765,0.6668454192645294,0.7055528648946785
xgb_ecfp4_aac__seed123,4925,1.1302234,1.103571543097496,1.1540338516235351,0.6207929335643827,0.6590819906895633
xgb_smiles_char_prot_electra_256,4715,1.1309271,1.1034938842058182,1.158432099223137,0.6443153039306209,0.6832714382622692
bica_v2_chemberta_tokens,4715,1.1317818,1.1025439202785492,1.1632827132940293,0.6606565239431516,0.6986282646957529
xgb_chemberta_aac__seed123,4925,1.1324149,1.1083472460508346,1.1572102338075638,0.6085796329656286,0.6467501585654003
xgb_smiles_char_protein_char,4715,1.1328815,1.108170786499977,1.1613032698631287,0.6450542868085865,0.6822978164223203
mlp_chemberta_600_esm2_35M_480,4715,1.1333933,1.1040569961071014,1.1636850208044052,0.6584710969957919,0.6971301258745145
mlp_ecfp6_1024_kmer3_8000,4715,1.1334628,1.105303582549095,1.1609241962432861,0.6659272609282147,0.7043597256338584
mlp_chemberta_5M_esmc_300M,4715,1.1378057,1.1109045207500459,1.1657913446426391,0.663054747617364,0.7004364601755946
mlp_chemberta_77M_prot_electra_256,4715,1.1404562,1.1113120168447495,1.170492884516716,0.6512992040860831,0.6902260021835441
distmat_cnn_distmat_100_esmc_300M,4715,1.1422539,1.1154987543821335,1.1671099603176116,0.6557835871426664,0.6900240524347169
mlp_chemberta_esm2_8M_ranked,4715,1.1432003,1.1149999111890794,1.1740496784448624,0.6442090695608745,0.6852252223000062
mlp_chemberta_100M_esm2_150M,4715,1.1439955,1.1161937206983565,1.170326578617096,0.6547772353751881,0.6914328014178348
mlp_chemberta_100M_prot_electra_256,4715,1.1441597,1.1167884737253189,1.173238080739975,0.6552141041402584,0.6918409567457849
distmat_cnn_kmer3_8000,4715,1.1448103,1.117332285642624,1.173165962100029,0.6550261025808305,0.6933012728316449
lstm_smiles_atom_protein_bpe_1000,4715,1.1455551,1.1163181900978087,1.172831454873085,0.6372682265546438,0.6767418920456991
lstm_smiles_bpe_1000_protein_bpe_1000,4715,1.14558,1.1166551291942597,1.1760166198015214,0.6380190920126366,0.6795097195296501
bica_chemberta_600_esm2_8M_320,4715,1.1460911,1.11761374771595,1.1745876580476762,0.6526660758628052,0.6909321970531924
mlp_chemberta_prot_electra,4715,1.146617,1.1142395734786987,1.1775920033454894,0.6593840714081691,0.7009672088651919
bica_chemberta_5M_esm2_8M_320,4715,1.1467528,1.1189418643712998,1.174556890130043,0.6564334570225575,0.6925983736630255
transformer_chemberta_100M_esm2_35M_480,4715,1.1540401,1.126140034198761,1.1827514201402665,0.6574750470367025,0.6949463926595603
distmat_cnn_distmat_100_esm2_650M,4715,1.1548052,1.1287204056978226,1.178835266828537,0.6346472519243239,0.674221114873134
transformer_chemberta_5M_esmc_300M,4715,1.1550167,1.1260306656360626,1.1839353621006012,0.6704237423001386,0.7070902855400709
bica_chemberta_77M_esm2_650M,4715,1.1560217,1.1283466786146163,1.1858203947544097,0.6416525095695924,0.6802873102368638
transformer_chemberta_77M_esm2_150M,4715,1.1567807,1.1272228002548217,1.184693917632103,0.644989711251594,0.6851182410958851
mlp_medium_ecfp4_dipeptide__seed123,4925,1.1569967,1.1309201568365097,1.18401038646698,0.6203281608077679,0.6580853797320163
mlp_chemberta_600_esm2_150M,4715,1.1580384,1.1256416589021683,1.1918943762779235,0.6508651873876867,0.6931122537235771
mamba_smiles_bpe_1000_protein_bpe_1000,4715,1.1581059,1.1284460604190827,1.1874030858278275,0.6352221717447373,0.6747962888295816
transformer_chemberta_esm2_8M,4715,1.1583427,1.1289777040481568,1.1874102413654328,0.6548276088848799,0.6952896717722257
bica_chemberta_5M_esm2_650M,4715,1.1586065,1.1286288052797318,1.1904724299907685,0.6484647186104822,0.6902085262616872
transformer_chemberta_100M_esm2_8M_320,4715,1.1588635,1.1315938591957093,1.1856224447488786,0.6580636851165161,0.6949738069137691
distmat_cnn_distmat_100_prot_electra_256,4715,1.1589963,1.1297953754663468,1.187980917096138,0.6422630847695531,0.6848553916295549
mlp_medium_ecfp4_dipeptide__seed456,4837,1.1590676,1.133959823846817,1.1843165397644042,0.6261940654899153,0.6660099471144918
mlp_chemberta_77M_esm2_150M,4715,1.1591804,1.1278920143842697,1.1908973634243012,0.6478215503353081,0.688965635917387
distmat_cnn_prot_electra_256,4715,1.1603801,1.133100187778473,1.1888831913471223,0.6440979529902618,0.6817757524161411
transformer_chemberta_77M_esm2_650M,4715,1.1624888,1.129746600985527,1.19217129945755,0.6476850190128736,0.686679277920063
mlp_chemberta_esm2_8M__seed456,4837,1.162728,1.1389647275209427,1.1876761466264725,0.5766183234397723,0.6203595557442213
lstm_smiles_atom_protein_char,4715,1.1654173,1.138286092877388,1.1917974531650544,0.6312653331952828,0.6737211885959269
bica_chemberta_600_kmer3_8000,4715,1.1661092,1.1369304180145263,1.1950264006853104,0.6315029022562383,0.6707765709872456
mlp_chemberta_100M_esm2_35M_480,4715,1.1665118,1.1418741375207901,1.1925034165382384,0.6374084581595503,0.6746404381877259
bica_chemberta_5M_esm2_150M,4715,1.1672615,1.1365575075149537,1.1969524413347243,0.6291193787372589,0.6687183226187221
mlp_chemberta_esm2_35M,4715,1.1691692,1.1378866732120514,1.2021938502788543,0.6438348116651157,0.6845534236196245
mamba_smiles_bpe_1000_protein_char,4715,1.1721654,1.1424528539180756,1.2000977754592894,0.616288431097832,0.6570663157372713
bica_chemberta_esm2_8M__seed123,4925,1.1729218,1.1469659000635146,1.2022560089826584,0.608090585307278,0.6476208593993388
mamba_smiles_char_protein_char,4715,1.1754794,1.1481085956096648,1.2015962809324265,0.6271972977896225,0.6672888624922868
psichic_fine_tune,4715,1.1760652,1.149270012974739,1.2041580528020859,0.6080790777658805,0.650770500653647
bica_chemberta_esm2_8M,4715,1.1764395,1.1445532888174057,1.204894295334816,0.6353714174334195,0.6767691703022505
bica_chemberta_600_prot_electra_256,4715,1.1775131,1.145452904701233,1.2076943337917327,0.633748666773127,0.6739795213425652
mamba_smiles_bpe1000_protein_bpe1000,4715,1.1777562,1.147555899620056,1.2088173657655716,0.6244836972400849,0.6665461187709186
bica_chemberta_esm2_8M_dsm,4715,1.1782136,1.1488121062517167,1.2103078246116639,0.6401091267701489,0.6809547929866765
bica_chemberta_100M_esm2_650M,4715,1.1790733,1.153648003935814,1.2076800137758255,0.6235894141807513,0.6628469934512898
transformer_chemberta_77M_esmc_300M,4715,1.1791009,1.1538301318883897,1.2043626338243485,0.61159262033034,0.6502737781960377
bica_chemberta_esm2_8M_ranked,4715,1.1798179,1.1509583562612533,1.210063323378563,0.6226945517686192,0.663911158192235
transformer_chemberta_100M_esmc_300M,4715,1.1805482,1.1520017206668853,1.2113599866628646,0.6456663436783668,0.6834931147124642
mamba_smiles_atom_protein_char,4715,1.1808355,1.1533450543880464,1.2077382177114486,0.6238416996655591,0.6623002493994196
bica_chemberta_5M_prot_electra_256,4715,1.1809751,1.1506612598896027,1.2124622374773026,0.61973567399754,0.6618870630366349
mlp_chemberta_100M_esm2_8M_320,4715,1.1809974,1.1540669918060302,1.206536465883255,0.6130737605621405,0.6533863440392991
mlp_chemberta_esm2_8M__seed123,4925,1.1819904,1.153061866760254,1.2083413004875183,0.61987314530847,0.6595103959109746
bica_v2_cb77M_mtr_esm2_150M,4715,1.1823084,1.1550268411636353,1.2109523952007293,0.6192454981077636,0.6619925192138503
bica_chemberta_600_esm2_650M,4715,1.1838952,1.1523409605026245,1.213012021780014,0.6217975624546818,0.6660531083737766
bica_chemberta_600_esm2_35M_480,4715,1.1839309,1.153037455677986,1.2140428006649018,0.6190583444975492,0.6627056412692497
transformer_chemberta_77M_prot_electra_256,4715,1.18408,1.1578077286481858,1.210157573223114,0.6173603086005403,0.6578822920774414
bica_chemberta_prot_electra,4715,1.1858348,1.1542979776859283,1.2129432380199432,0.6085482322469429,0.6524584584691552
bica_ecfp4_aac__seed456,4837,1.185984,1.159168180823326,1.2143442302942276,0.5670789442030161,0.612138541983891
transformer_chemberta_600_esm2_650M,4715,1.1863989,1.1583105802536011,1.217556005716324,0.6403896339871299,0.6808273598653999
bica_chemberta_600_esmc_300M,4715,1.1866833,1.1601775228977202,1.2144896745681764,0.6305417647283155,0.6718062394437626
bica_chemberta_600_esm2_150M,4715,1.1871129,1.1596993386745453,1.215990537405014,0.604511952817029,0.6492241914566227
distmat_cnn_distmat_100_esm2_8M_320,4715,1.1873084,1.1591962903738022,1.2166459798812865,0.6297302790198955,0.6694937701348759
bica_chemberta_100M_esm2_150M,4715,1.1874425,1.1561681181192398,1.2161305755376817,0.6149249585243193,0.6587281456835401
bica_v2_chemberta77M_tokens__cold_target,4930,1.1881765,1.1636480271816254,1.2128016501665115,0.5146601652258379,0.5643033064436662
transformer_chemberta_600_kmer3_8000,4715,1.1883352,1.159221202135086,1.2161652266979217,0.6366262278237188,0.6751947744261325
bica_chemberta_esm2_8M__seed456,4837,1.1900922,1.1625915497541428,1.2169398725032807,0.5575450450645864,0.6030569107780351
transformer_chemberta_5M_esm2_650M,4715,1.1905977,1.1626369565725327,1.217373612523079,0.5964876597314142,0.6357742824057204
lstm_smiles_char_protein_bpe_1000,4715,1.1907132,1.1643319219350814,1.2189759343862534,0.6100175420753464,0.6514260018191385
transformer_chemberta_100M_esm2_650M,4715,1.1908609,1.1640727281570435,1.2165381193161011,0.6217498377934881,0.6592911515579033
transformer_chemberta_600_esm2_35M_480,4715,1.1911882,1.1613733172416687,1.221272921562195,0.6240653288479483,0.6664268755142988
transformer_chemberta_esm2_35M,4715,1.1914217,1.162046280503273,1.2199004590511322,0.597781848361042,0.6420812414574665
mlp_deep_ecfp6_kmer3,4715,1.1925644,1.1631626456975936,1.2245142042636872,0.6375727511940014,0.6792635504706555
mlp_chemberta_esm2_8M,4715,1.1930845,1.163771742582321,1.2237271606922149,0.6258486198257572,0.6675891343373755
bica_chemberta_77M_esm2_8M_320,4715,1.1931639,1.1606838613748551,1.2243073403835296,0.6318356562825153,0.6738435534513779
gat_mol_graph_esm2_650M,4715,1.1938629,1.1637789607048035,1.2244956135749816,0.6230355374786217,0.6636315871937305
mlp_deep_ecfp6_kmer3__seed123,4925,1.1939952,1.1655538588762284,1.2213609278202058,0.6051360588384478,0.6459864633401163
lstm_smiles_bpe512_protein_bpe512,4715,1.194727,1.165692675113678,1.2232238471508026,0.6264923524416326,0.6651304500370488
gat_ecfp_esm2_8M_ranked,4715,1.196293,1.1654203623533248,1.227052354812622,0.6224742488365141,0.6630162620852614
transformer_chemberta_100M_esm2_150M,4715,1.1969695,1.1691632926464082,1.2241628289222717,0.6047920812374395,0.649433958330397
transformer_chemberta_600_prot_electra_256,4715,1.1976057,1.169399020075798,1.2251460134983063,0.61221809190605,0.6558539847610462
transformer_chemberta_77M_esm2_8M_320,4715,1.1978744,1.1707709103822708,1.2258758783340453,0.6163901056181522,0.6574268364163307
transformer_ecfp6_1024_prot_electra_256,4715,1.1979668,1.169044914841652,1.2259686172008515,0.6130885741471663,0.6545407091178782
bica_v2_singlelayer,4715,1.1987004,1.1645881235599518,1.2292627841234207,0.6180328747664929,0.6625748848209678
transformer_chemberta_5M_prot_electra_256,4715,1.2020034,1.1742071211338043,1.2294770628213882,0.6212723011032769,0.6598663071324031
gcn_mol_graph_esm2_35M_480,4715,1.2023588,1.173119807243347,1.229694652557373,0.5940694826169561,0.635944067486314
transformer_chemberta_600_esm2_150M,4715,1.2028868,1.1757385730743408,1.2311313211917878,0.6135255637494715,0.6546106262748954
bica_chemberta_5M_esmc_300M,4715,1.2030431,1.1735781520605086,1.2327373892068862,0.6105998142249686,0.6527107801356523
mlp_chemberta_aac,4715,1.2032237,1.1744317084550857,1.2348644584417343,0.6057903539653041,0.6497125842077109
bica_chemberta_100M_esm2_35M_480,4715,1.203347,1.176921072602272,1.2315151900053025,0.6067452534782642,0.6478882549715519
mlp_ecfp6_1024_prot_electra_256,4715,1.2035567,1.1738430947065353,1.233701828122139,0.6361555545769645,0.675993968286988
bica_v2_noffn,4715,1.2036352,1.1688386976718903,1.2371969550848008,0.6233180913095568,0.6678120306859823
bica_chemberta_77M_esm2_150M,4715,1.203995,1.1770782262086867,1.2321112364530564,0.6049265192317903,0.6469128666187522
gcn_mol_graph_esmc_300M,4715,1.2072718,1.1765750229358674,1.2398166984319687,0.6041284820851782,0.6469454738220416
bica_v2_full,4715,1.2076259,1.1786795467138291,1.2366638332605362,0.5990741936393184,0.6419617701052163
gcn_mol_graph_esm2_150M,4715,1.2085886,1.1756157249212265,1.243759647011757,0.6111504159716372,0.6558726089461606
gat_mol_graph_esmc_300M,4715,1.20877,1.1802147954702378,1.2399402767419816,0.6128241906105685,0.6522114292951804
transformer_ecfp4_aac,4715,1.2095473,1.1825977683067321,1.237802055478096,0.5855152486021473,0.6273984199301692
transformer_seq_smiles_atom_protein_char,4715,1.209643,1.182910716533661,1.2340010344982146,0.5862603405354537,0.6260435721301386
transformer_chemberta_600_esm2_8M_320,4715,1.209908,1.1802037805318832,1.2408938705921173,0.6405499154499427,0.6822237745467031
transformer_seq_smiles_char_protein_bpe_1000,4715,1.2107934,1.1842709749937057,1.2365923136472703,0.5830971796107814,0.6255417310919669
bica_chemberta_prot_electra_dsm,4715,1.211504,1.1800327837467193,1.2431095570325852,0.6056329586792552,0.6497077309571601
transformer_chemberta_5M_esm2_35M_480,4715,1.2127109,1.182419016957283,1.240946289896965,0.6191126168911165,0.6604212199246114
mlp_chemberta_esm2_8M__cold_target,4930,1.2138436,1.1853232741355897,1.240413025021553,0.5109222820010738,0.5622374269045349
mlp_ecfp4_esm2_8M__seed123,4925,1.2141162,1.1865541160106658,1.241852331161499,0.5884392898467953,0.6298628738066646
gcn_mol_graph_kmer3_8000,4715,1.214132,1.1857831269502639,1.2420475274324416,0.5990204706541725,0.6414289865306605
bica_ecfp6_1024_kmer3_8000,4715,1.2143985,1.1840287536382674,1.2449056148529052,0.610467628809398,0.653137430560633
gat_mol_graph_esm2_35M_480,4715,1.2147588,1.181299301981926,1.246970635652542,0.6122690984030666,0.6565121533250146
transformer_ecfp6_1024_kmer3_8000,4715,1.2152737,1.185256266593933,1.2446033626794815,0.6149704820052232,0.6571495475690936
gcn_mol_graph_esm2_8M_320,4715,1.2156214,1.1828672975301742,1.2536360025405884,0.6131322108935331,0.6564354836701606
gcn_ecfp_esm2_8M,4715,1.215809,1.1832736074924468,1.2500564724206924,0.6193006957776155,0.6611319754043277
gat_mol_graph_kmer3_8000,4715,1.2161344,1.183418908715248,1.246214359998703,0.6211097413271753,0.6613748586034971
mlp_smiles_char_kmer3_8000,4715,1.2169956,1.1893637150526046,1.2438411086797714,0.5895244091489895,0.6308766507124128
gcn_ecfp_esm2_8M_recon,4715,1.2187165,1.1868654936552048,1.2457542568445206,0.5920473684370342,0.63495762836095
mlp_ecfp6_1024_protein_char,4715,1.219198,1.192742544412613,1.246745875477791,0.6061952344673208,0.6444874050384427
transformer_seq_smiles_char_protein_char,4715,1.2215466,1.194996753334999,1.248798418045044,0.5767620079703799,0.618522309675299
transformer_chemberta_77M_esm2_35M_480,4715,1.2216318,1.1925995379686356,1.250512284040451,0.6061247068984759,0.6495921946480694
lstm_smiles_bpe1000_protein_bpe1000,4715,1.2227055,1.1956769406795502,1.2498971074819565,0.6135658721317684,0.6504826084562255
bica_chemberta_100M_esmc_300M,4715,1.2242935,1.1948293566703796,1.2539526373147964,0.5997554480364536,0.6428078027390669
transformer_seq_smiles_atom_protein_bpe_1000,4715,1.2247189,1.194597589969635,1.2529973983764648,0.5953044107008234,0.6367121503086209
transformer_chemberta_5M_esm2_8M_320,4715,1.2254546,1.1974392652511596,1.2558178097009658,0.5933198572296088,0.6379860564003933
gcn_mol_graph_prot_electra_256,4715,1.2255077,1.196512109041214,1.2568156242370605,0.5924117017224517,0.6356396127224041
bica_chemberta_5M_esm2_35M_480,4715,1.2270898,1.1938988596200943,1.2558007538318634,0.5758584625427453,0.6204855295837484
gat_mol_graph_prot_electra_256,4715,1.227407,1.1965089231729507,1.258866798877716,0.6005607349468446,0.6450363014865363
mamba_smiles_atom_protein_bpe_1000,4715,1.2279348,1.2003995209932328,1.2569081276655196,0.5618113177689322,0.6066020443326788
transformer_seq_smiles_bpe512_protein_bpe512,4715,1.2282332,1.1994056433439255,1.258418360352516,0.5621134900471001,0.6082763368038238
gat_mol_graph_esm2_150M,4715,1.228464,1.194521313905716,1.2609556436538696,0.5985820982559006,0.6447199230679155
bica_chemberta_77M_prot_electra_256,4715,1.2297156,1.2001748919486999,1.2585311084985733,0.5612595130971769,0.6069839501743054
transformer_smiles_char_prot_electra_256,4715,1.2298654,1.2031872153282166,1.2578452378511429,0.5653550382569582,0.6099918672074542
gcn_mol_graph_esm2_650M,4715,1.2328628,1.2024494767189027,1.2616682469844818,0.5795551915649949,0.6225038892258519
bica_smiles_char_kmer3_8000,4715,1.2339225,1.2069574862718582,1.26224485039711,0.5602180486148935,0.6064983591617001
mamba_smiles_bpe512_protein_bpe512,4715,1.2339509,1.2056056588888169,1.2626428574323654,0.6099965310974711,0.6502883650449739
transformer_chemberta_600_esmc_300M,4715,1.2351658,1.2074912250041963,1.2644124448299408,0.564783752045097,0.6076244417523327
transformer_smiles_char_kmer3_8000,4715,1.2410343,1.2131150245666504,1.2682072877883912,0.5633894234395743,0.6112925935013886
bica_chemberta_77M_esmc_300M,4715,1.2441251,1.214752382040024,1.2740910321474075,0.5743254201794458,0.6185049543683461
lstm_smiles_char_protein_char,4715,1.2462281,1.2178326934576034,1.2729471266269683,0.6064139593670596,0.6455274848000928
bica_chemberta_77M_esm2_35M_480,4715,1.2485193,1.2180554866790771,1.2797794312238693,0.5732580240595277,0.6222472292416559
transformer_chemberta_600_protein_char,4715,1.2486739,1.2225566238164902,1.275277280807495,0.5413881015990311,0.5880149677139985
bica_chemberta_100M_esm2_8M_320,4715,1.249067,1.2223676830530166,1.2735437422990799,0.5429936025323953,0.5862856132586841
lstm_smiles_bpe_1000_protein_char,4715,1.2523893,1.220965611934662,1.2809719562530517,0.568608507913406,0.6123874517307841
ridge_chemberta_5M_esm2_35M_480,4715,1.2544208,1.2235434979200364,1.2851470798254012,0.5738914013060573,0.6163762966258731
ridge_chemberta_5M_esm2_150M,4715,1.254496,1.223718136548996,1.2853120625019074,0.5762892428309745,0.6200536944344959
gat_ecfp_esm2_8M,4715,1.2550546,1.2255099207162856,1.2868171155452728,0.5763561041874765,0.6199888790370478
bica_chemberta_600_protein_char,4715,1.2557545,1.2269215136766434,1.2858732104301454,0.5541688650737709,0.6012867046122939
gat_ecfp_esm2_8M_recon,4715,1.2562689,1.2233202278614044,1.2884062439203263,0.5946989267040667,0.6356956195113137
mlp_chemberta_600_protein_char,4715,1.2598606,1.2306250095367433,1.2901619851589203,0.5540094903217372,0.6006020005121536
lstm_smiles_atom_protein_wordpiece512,4715,1.2608277,1.231982633471489,1.2880809724330902,0.550151364188721,0.5955012483867577
ridge_chemberta_5M_esm2_8M_320,4715,1.2672861,1.2405003249645232,1.2956774085760117,0.5579642122912035,0.6003415348812675
bica_chemberta_esm2_8M__cold_target,4930,1.2672905,1.2405508160591125,1.294705793261528,0.48426192684734115,0.5346902638778684
gat_mol_graph_esm2_8M_320,4715,1.2680161,1.2357618510723114,1.3012898743152619,0.5737856320856968,0.6185576518009174
xgb_ecfp4_aac__cold_target,4930,1.2707386,1.2445438742637633,1.295843717455864,0.4624383279319814,0.5129665183361806
bica_chemberta_100M_prot_electra_256,4715,1.2710285,1.239334484934807,1.2993846714496613,0.5868026678652501,0.6303743984980993
bica_ecfp6_1024_prot_electra_256,4715,1.277413,1.2488855719566345,1.3066014021635055,0.5644785709243054,0.6081126075524395
transformer_ecfp6_1024_protein_char,4715,1.2806404,1.252108734846115,1.3080591410398483,0.5418006655743545,0.5847301610772888
ridge_rdkit_aac,4715,1.2918515,1.2663287699222565,1.3182609260082245,0.49951926804020325,0.5446873038173314
bica_ecfp6_1024_protein_char,4715,1.294185,1.2645164400339126,1.3252928733825684,0.5345681576737714,0.582374376054255
mlp_smiles_char_prot_electra_256,4715,1.2956859,1.2655013918876648,1.3243270695209504,0.5202683600561846,0.5681322149975196
rf_ecfp4_aac__cold_target,4930,1.2960958,1.269548562169075,1.3209055423736573,0.41570474115538514,0.4672218126099222
ridge_chemberta_5M_esm2_650M,4715,1.3004155,1.2626757115125655,1.3351523101329803,0.5579064686330103,0.6066535145414501
distmat_cnn_aac,4715,1.3030298,1.2723254978656768,1.3310457736253738,0.4871128737072347,0.5336899903356934
ridge_maccs_aac,4715,1.307933,1.2791613668203354,1.3360448747873306,0.4770958519162273,0.5254667049312153
bica_ecfp4_aac,4715,1.3080682,1.2774291902780532,1.3407914370298386,0.5348050519658121,0.5811271572919734
bica_ecfp4_aac__seed123,4925,1.3108588,1.2817652195692062,1.338345855474472,0.4821065639703501,0.5326396605451305
ridge_chemberta_77M_esm2_150M,4715,1.3173226,1.2854425132274627,1.3500720143318177,0.5256859280152679,0.5748003067823599
ridge_chemberta_5M_esmc_300M,4715,1.3217008,1.283862793445587,1.3611012011766435,0.5303881804176941,0.5840919923772101
cnn_smiles_onehot_esm2_150M,4715,1.3243165,1.295140615105629,1.3551178961992263,0.4983880365240429,0.5448612103560853
ridge_chemberta_77M_esm2_8M_320,4715,1.3247995,1.2928189754486084,1.3570965111255646,0.5078799092179394,0.5595126814502559
mlp_shallow_ecfp4_aac,4715,1.3285115,1.2972925424575805,1.3583341240882874,0.5670208276855473,0.6083868097842696
cnn_smiles_onehot_esm2_8M_320,4715,1.3286116,1.2937753587961196,1.3579693913459778,0.49257145422009646,0.5407337859921089
bica_smiles_char_prot_electra_256,4715,1.3287514,1.297589734196663,1.3569578856229783,0.5171466151260541,0.5648859967689419
cnn_smiles_onehot_esmc_300M,4715,1.3328913,1.3030906587839126,1.3622334897518158,0.5002206309196767,0.5469007089956941
ridge_maccs_aac__seed456,4837,1.335626,1.3105732381343842,1.3619609624147415,0.3668500738263526,0.4194647930876139
transformer_seq_smiles_atom_protein_wordpiece512,4715,1.3360196,1.3079412817955016,1.3646604686975479,0.4608890086365297,0.514219705413121
ridge_chemberta_77M_esm2_35M_480,4715,1.3367898,1.3092832624912263,1.3679198175668716,0.5132498048800717,0.5594951396747302
bica_smiles_char_protein_char,4715,1.3370031,1.3076285928487779,1.3670187652111054,0.45137568315767934,0.5036382766723001
distmat_cnn_protein_char,4715,1.3433988,1.3175039887428284,1.3700031131505965,0.4624010136065539,0.5086953418070944
transformer_smiles_char_protein_char,4715,1.3449961,1.3165483891963958,1.3764235019683837,0.44747704574162356,0.49508152217979784
ridge_chemberta_77M_esm2_650M,4715,1.3459532,1.308529481291771,1.3861984312534332,0.5179453532371896,0.5687000742581525
ridge_maccs_aac__seed123,4925,1.346234,1.3175634920597077,1.3731525897979737,0.3680646259386591,0.4208650490853904
gcn_ecfp_aac,4715,1.3472087,1.3138932764530182,1.3791968315839767,0.4929400803736424,0.5395257655610509
ridge_chemberta_5M_prot_electra_256,4715,1.3503767,1.2997966170310975,1.4025265097618103,0.5156311926786197,0.5801884933196617
cnn_smiles_onehot_protein_char,4715,1.3524269,1.3204868257045745,1.388077735900879,0.48552717259289285,0.5377461373702119
gat_ecfp_aac,4715,1.3525417,1.3220436960458755,1.383137521147728,0.48740167618562347,0.5328353580432927
cnn_smiles_onehot_kmer3_8000,4715,1.3561475,1.3229470819234848,1.3891717165708541,0.48019203465094207,0.53125396840747
gat_mol_graph_protein_char,4715,1.3572438,1.324289944767952,1.3908945739269256,0.49285924434620004,0.5387825658087732
ridge_ecfp4_aac__cold_target,4930,1.3588879,1.3278657138347625,1.391610860824585,0.3844165341742528,0.43932984298974476
ridge_rdkit_aac__seed456,4837,1.3669746,1.3012525290250778,1.464990696310997,0.3200583713944861,0.43673846527128496
cnn_smiles_onehot_prot_electra_256,4715,1.3679767,1.3373037457466126,1.3976302087306975,0.4610546684997713,0.511172704830179
transformer_seq_smiles_bpe_1000_protein_bpe_1000,4715,1.3697811,1.3375344932079316,1.402735459804535,0.5217944149502514,0.56862942126938
transformer_seq_smiles_bpe_1000_protein_char,4715,1.3729824,1.3402771562337876,1.4053970962762832,0.5178408829326452,0.5645602835074092
cnn_smiles_onehot_esm2_650M,4715,1.3768673,1.3424441635608673,1.4096585392951966,0.46781622803177525,0.5157492506323896
ridge_chemberta_77M_prot_electra_256,4715,1.3785024,1.3287214428186416,1.4278971314430238,0.48685816832119494,0.5487314967890068
cnn_smiles_onehot_aac,4715,1.3787475,1.3431118607521058,1.4119486391544342,0.47536974706361446,0.524477326310597
ridge_chemberta_77M_esmc_300M,4715,1.3871366,1.3473304688930512,1.4275384277105332,0.47957715556093583,0.5366858807715774
gcn_mol_graph_protein_char,4715,1.3876972,1.3533117473125458,1.4194742769002915,0.4787848053015606,0.527425490740124
ridge_chemberta_600_esm2_35M_480,4715,1.3880255,1.35900516808033,1.421149417757988,0.5312445045535822,0.5758557787664744
cnn_smiles_onehot_esm2_35M_480,4715,1.3892889,1.3579891711473464,1.422654727101326,0.4712283865566209,0.5218941237638139
ridge_rdkit_aac__seed123,4925,1.3903651,1.3622607290744781,1.418049967288971,0.334689050277245,0.3917212446259703
ridge_chemberta_600_esm2_150M,4715,1.3948289,1.360504111647606,1.428639867901802,0.5311047157511876,0.5774812696639512
ridge_chemberta_600_kmer3_8000,4715,1.395325,1.3602074474096297,1.4298081398010254,0.5371373946666608,0.5832236164400456
ridge_chemberta_100M_esm2_150M,4715,1.413782,1.382987642288208,1.4463193714618683,0.5057771607397952,0.5523423621476458
ridge_chemberta_100M_esm2_35M_480,4715,1.4186859,1.3895213067531587,1.4487669795751572,0.4934529584688777,0.5413888573096829
ridge_chemberta_600_esm2_650M,4715,1.4205989,1.381167608499527,1.4617962777614593,0.531029527893355,0.5795235384425955
ridge_chemberta_100M_esm2_8M_320,4715,1.4216911,1.391785392165184,1.450343069434166,0.4767626661257615,0.5261291974306359
ridge_ecfp4_dipeptide,4715,1.4226744,1.393409678339958,1.4518903583288192,0.49873285219550306,0.547969806853778
mlp_smiles_char_protein_char,4715,1.4271877,1.3944253832101823,1.4566474646329879,0.4414718806557527,0.4944005344939812
ridge_chemberta_600_esm2_8M_320,4715,1.4335564,1.4011921048164369,1.4661902368068696,0.49602821640173544,0.5430886788773581
ridge_chemberta_100M_prot_electra_256,4715,1.444838,1.4013787150382995,1.4906786382198334,0.4865873598876915,0.5413111926348034
ridge_chemberta_600_prot_electra_256,4715,1.4497324,1.3981594353914262,1.4962423652410508,0.5040681027440164,0.5570949052104827
ridge_chemberta_100M_esmc_300M,4715,1.450879,1.411838459968567,1.4899194806814193,0.4824078913500162,0.5356198597821709
ridge_chemberta_600_protein_char,4715,1.4536432,1.4213891625404358,1.4908243030309678,0.44868389004523873,0.4984798896926286
ridge_ecfp6_1024_prot_electra_256,4715,1.4669124,1.4290943384170531,1.5033748239278792,0.4748692771127814,0.5273429892723971
ridge_ecfp4_aac__cold_drug,4939,1.4676943,1.4341811895370484,1.4997549384832383,0.4088279136958721,0.46195850134564287
ridge_chemberta_100M_esm2_650M,4715,1.4699444,1.4290394484996796,1.5154359400272368,0.4914867087823572,0.5437331275637175
mlp_shallow_ecfp4_aac__seed456,4837,1.4882272,1.4563203483819962,1.5196438789367677,0.42456217652632494,0.4755361174693331
ridge_ecfp6_1024_kmer3_8000,4715,1.4886032,1.4532697021961212,1.5221413165330886,0.46817434274707775,0.5188092350577419
bica_v2_chemberta77M_tokens__leakypdb,4838,1.4943863,1.463778731226921,1.5261944115161896,0.5210707171679103,0.5621253056229716
ridge_ecfp4_aac__seed456,4837,1.5050647,1.4759176343679428,1.5362456917762757,0.3881083359667137,0.4391146447022793
mlp_shallow_ecfp4_aac__seed123,4925,1.5131261,1.4847422242164612,1.5453656256198882,0.4272043896140043,0.4741424104939419
xgb_ecfp4_aac__leakypdb,4838,1.5198786,1.4889071881771088,1.5536617279052733,0.4882043694984542,0.5309700994814002
gli_mol_aac,4938,1.5201145,1.4902006417512894,1.5501606702804565,0.4800148138651493,0.5243177419050449
lgbm_ecfp4_aac__leakypdb,4838,1.524701,1.495006251335144,1.557216891646385,0.4872719355240308,0.529989159370576
transformer_seq_smiles_bpe1000_protein_bpe1000,4715,1.525366,1.489077776670456,1.5596216559410094,0.48661242627811707,0.5332246326756122
xgb_chemberta_esm2_8M__leakypdb,4838,1.5286881,1.4992222130298614,1.5628273755311965,0.48654127197600977,0.528940146123838
xgb_ecfp4_esm2_8M__leakypdb,4838,1.5420794,1.510139709711075,1.572403484582901,0.4723647910751491,0.5163928493724488
xgb_chemberta_aac__leakypdb,4838,1.5487831,1.5152646034955979,1.5834338575601579,0.47442226658210296,0.5198185750400659
ridge_ecfp4_aac,4715,1.5498075,1.5195431649684905,1.5808727115392684,0.4088273635092982,0.45926500101572953
mlp_chemberta_esm2_8M__leakypdb,4838,1.5562634,1.5247791320085526,1.5870952934026719,0.48122973585440976,0.5257846967055435
rf_ecfp4_aac__leakypdb,4838,1.5584837,1.5284108430147172,1.5920992076396943,0.46634751982413686,0.5096478893516658
ridge_ecfp6_1024_protein_char,4715,1.5607556,1.5293357610702514,1.5926808953285216,0.3827452207487253,0.4339804806313453
gli_mol_prot_electra,4938,1.5695226,1.5396875232458114,1.6000666797161103,0.4190761259488423,0.46819910449629887
bica_chemberta_prot_electra__leakypdb,4838,1.5825199,1.5461732000112534,1.6184193521738053,0.501008265712583,0.5466647367519344
gat_ecfp_esm2_8M__leakypdb,4838,1.5839347,1.550011894106865,1.6161005973815918,0.43139374296548855,0.4772118197489686
bica_chemberta_esm2_8M__leakypdb,4838,1.5955465,1.5632463216781616,1.6290272295475006,0.4229387502875175,0.4678944046538725
gcn_ecfp_esm2_8M__leakypdb,4838,1.5968645,1.5653977900743485,1.6290196746587753,0.4070076067613235,0.4524866923523005
gli_mol_esm2_35M,4938,1.6104537,1.5788049846887589,1.6427870035171508,0.4040653525075786,0.45612539930366697
mlp_ecfp4_prot_electra__leakypdb,4838,1.6120152,1.5774240225553513,1.6448428004980087,0.4626568437449535,0.5031199408632009
gli_mol_esm2_8M,4938,1.61359,1.5819731891155242,1.6469469636678695,0.4492948015202114,0.49563713628035566
ridge_ecfp4_aac__seed123,4925,1.6136731,1.5798154413700103,1.6493213444948196,0.2884946964993274,0.3465352082486896
mlp_chemberta_prot_electra__leakypdb,4838,1.6361369,1.6008323162794114,1.6719857692718505,0.44471854933708066,0.4915739064395721
mlp_ecfp4_esm2_8M__leakypdb,4838,1.6450099,1.6109092086553574,1.6811494767665862,0.44475860957354885,0.49156270386063433
ridge_ecfp4_aac__leakypdb,4838,1.6862364,1.6526580035686493,1.721466737985611,0.39356746924184466,0.43699566704049203
psichic_zero_shot,4715,1.7871825,1.756034791469574,1.819268661737442,0.42779919319525767,0.48257539304158453
ridge_smiles_char_kmer3_8000,4715,2.1670353,2.057123249769211,2.2805349349975583,0.3052919933455579,0.3797459511466989
ridge_smiles_char_prot_electra_256,4715,2.1715214,2.054319775104523,2.287366437911987,0.3116606325859072,0.3804388807755224
ridge_smiles_char_protein_char,4715,2.401745,2.2965886294841766,2.5136707425117493,0.21022570554247302,0.2712554522913764
mlp_chemberta_esm2_8M_dsm,4715,6.850394,6.808980119228363,6.893596875667572,0.10548648742242597,0.16831603557065256
