feature,importance
ECFP4_1234,0.016958006
ECFP4_764,0.016861496
ECFP4_1601,0.009957015
ECFP4_1494,0.009649579
ECFP4_1288,0.008840612
ECFP4_1689,0.008829978
ECFP4_454,0.008280362
ECFP4_2011,0.0075571625
ECFP4_1764,0.007442489
ECFP4_1176,0.0072382833
ECFP4_999,0.007215461
ECFP4_1386,0.0070604077
ECFP4_1929,0.0064455387
ECFP4_1823,0.0063525005
ECFP4_833,0.0061026267
ECFP4_1107,0.0060540745
ECFP4_1744,0.005957337
ECFP4_1992,0.005676748
ECFP4_2008,0.0056762975
ECFP4_1718,0.005221146
ECFP4_1407,0.004983273
ECFP4_1467,0.004792254
ECFP4_580,0.00473045
ECFP4_610,0.004560731
ECFP4_1747,0.004522344
ECFP4_597,0.004054405
ECFP4_1303,0.0040017497
ECFP4_936,0.0038471043
ECFP4_1739,0.0038367067
ECFP4_926,0.0037953258
ECFP4_391,0.0037754916
ECFP4_796,0.003768887
ECFP4_1909,0.0037429938
ECFP4_1392,0.003708452
ECFP4_844,0.003703674
ECFP4_412,0.0036626458
ECFP4_1403,0.0035780321
ECFP4_1576,0.003452799
ECFP4_1153,0.0033787414
ECFP4_934,0.0033604098
ECFP4_1158,0.003244993
ECFP4_444,0.0031948134
ECFP4_1946,0.003191556
ECFP4_1099,0.0031243544
ECFP4_1803,0.002955908
ECFP4_1484,0.0029494464
ECFP4_340,0.002921109
ECFP4_1338,0.0029110874
ECFP4_1446,0.002902998
ECFP4_1271,0.0028934176
ECFP4_408,0.0028198601
ECFP4_1935,0.002799396
ECFP4_1390,0.0027575637
ECFP4_219,0.0026890256
ECFP4_901,0.0026692194
ECFP4_1554,0.0025541917
ECFP4_1427,0.0024985105
ECFP4_1678,0.0024735422
ECFP4_2034,0.0024655475
ECFP4_1866,0.0023972637
ECFP4_1000,0.002386258
ECFP4_1598,0.0023743925
ECFP4_1475,0.002353385
ECFP4_208,0.0023293104
ECFP4_1912,0.0023186272
ECFP4_1695,0.0023140768
ECFP4_1449,0.0023073002
ECFP4_607,0.0022917364
ECFP4_1578,0.002286816
ECFP4_1848,0.0022806923
ECFP4_1733,0.0022678664
ECFP4_547,0.0022588396
ECFP4_465,0.0022383053
ECFP4_1489,0.0021595173
ECFP4_1415,0.0021489195
ECFP4_1817,0.0021337073
ECFP4_949,0.002131391
ECFP4_994,0.0021256567
ECFP4_360,0.002069936
ECFP4_1380,0.0020596066
ECFP4_982,0.0020541132
ECFP4_1607,0.0020463055
ECFP4_1993,0.002023841
ECFP4_1101,0.001991079
ECFP4_979,0.001988359
ECFP4_1036,0.0019634757
ECFP4_529,0.0019488595
ECFP4_1274,0.0019459926
ECFP4_97,0.0019451142
ECFP4_424,0.0019337353
ECFP4_1965,0.0019270332
ECFP4_1699,0.0018908732
ECFP4_1692,0.0018297223
ECFP4_661,0.0018127698
ECFP4_634,0.0017721758
ECFP4_1126,0.0017655353
ECFP4_1537,0.001762011
ECFP4_1563,0.0017552081
ECFP4_1693,0.0017518804
ECFP4_972,0.0017357005
ECFP4_1381,0.0017158781
ECFP4_1838,0.00169104
ECFP4_1347,0.0016867187
ECFP4_843,0.0016754505
ECFP4_91,0.0016751953
ECFP4_1242,0.001673935
ECFP4_1081,0.0016674123
ECFP4_1455,0.001637289
ECFP4_1696,0.0016301089
ECFP4_1958,0.0015936242
ECFP4_2037,0.001589235
ECFP4_732,0.0015813974
ECFP4_1644,0.0015746708
ECFP4_530,0.0015728397
ECFP4_1955,0.0015588443
ECFP4_750,0.0015546782
ECFP4_1815,0.001540284
ECFP4_1373,0.0015362685
ECFP4_1920,0.0015167968
ECFP4_1330,0.0015070393
ECFP4_1666,0.0015047684
ECFP4_1157,0.0014987028
ECFP4_459,0.0014904808
ECFP4_1309,0.0014778159
ECFP4_437,0.0014660485
ECFP4_505,0.0014642632
ECFP4_1609,0.0014593701
ECFP4_1994,0.0014399312
ECFP4_519,0.0014323428
ECFP4_1328,0.0014092299
ECFP4_899,0.0014081154
ECFP4_127,0.0013886836
ECFP4_1903,0.0013826801
ECFP4_1463,0.0013720596
ECFP4_937,0.0013657854
ECFP4_1811,0.0013615951
ECFP4_961,0.0013488722
ECFP4_1077,0.0013454432
ECFP4_1213,0.001338433
AAC_S,0.001337593
ECFP4_1879,0.0013209977
ECFP4_1314,0.0013206005
ECFP4_1878,0.0013014427
ECFP4_100,0.0012830142
ECFP4_1141,0.0012738176
ECFP4_681,0.0012736431
ECFP4_512,0.0012555304
ECFP4_575,0.0012414807
ECFP4_1681,0.001240451
ECFP4_1353,0.0012369802
ECFP4_615,0.0012342237
ECFP4_32,0.0012339127
ECFP4_1208,0.0012326491
ECFP4_1727,0.0012242054
ECFP4_1982,0.0012208198
ECFP4_1451,0.0012193318
ECFP4_1665,0.001211239
ECFP4_1810,0.0012112064
ECFP4_1302,0.0012091481
ECFP4_864,0.001207599
ECFP4_1593,0.001192678
ECFP4_407,0.0011867806
ECFP4_1261,0.0011840952
ECFP4_1618,0.0011716208
ECFP4_1048,0.0011710257
ECFP4_1586,0.0011645675
ECFP4_1857,0.0011644608
ECFP4_1162,0.001155418
ECFP4_1490,0.0011554004
ECFP4_1521,0.0011516002
ECFP4_1231,0.0011489328
ECFP4_1717,0.0011485984
ECFP4_1114,0.0011352529
ECFP4_1716,0.0011245991
ECFP4_1323,0.0011226763
ECFP4_1296,0.0011215622
ECFP4_873,0.0011193423
ECFP4_1657,0.0011178912
ECFP4_222,0.001108685
ECFP4_689,0.0011059804
ECFP4_2010,0.0011043528
ECFP4_739,0.0010895854
ECFP4_1440,0.0010840523
ECFP4_1721,0.0010786924
ECFP4_1664,0.001073228
ECFP4_1264,0.0010713916
ECFP4_800,0.0010699709
ECFP4_1915,0.001068811
ECFP4_1119,0.0010586071
ECFP4_1135,0.0010583134
ECFP4_104,0.0010567995
ECFP4_1956,0.001051192
ECFP4_655,0.0010487087
ECFP4_1312,0.0010452685
ECFP4_1452,0.0010399931
ECFP4_245,0.001039458
ECFP4_524,0.0010374694
ECFP4_875,0.001037088
ECFP4_741,0.0010316332
ECFP4_1542,0.0010311389
ECFP4_1116,0.0010240353
ECFP4_541,0.0010239151
ECFP4_1034,0.0010218115
ECFP4_558,0.0010139764
ECFP4_1941,0.0010122149
ECFP4_430,0.0010098142
ECFP4_1854,0.001004625
ECFP4_585,0.0010037641
ECFP4_392,0.0010018359
ECFP4_383,0.0010008772
ECFP4_641,0.0009995198
ECFP4_1372,0.0009964377
ECFP4_980,0.0009963164
ECFP4_263,0.0009921135
ECFP4_993,0.0009884418
ECFP4_218,0.000983931
ECFP4_813,0.0009822018
ECFP4_1462,0.0009770545
ECFP4_963,0.000967409
ECFP4_1370,0.00095971784
ECFP4_1425,0.0009595669
ECFP4_1357,0.0009532383
ECFP4_1169,0.00095256045
ECFP4_447,0.0009499488
ECFP4_1454,0.00094979216
ECFP4_35,0.00094533636
ECFP4_1829,0.00094477553
AAC_C,0.0009388996
ECFP4_1420,0.00093853526
ECFP4_428,0.0009344211
ECFP4_1934,0.0009283768
ECFP4_2004,0.0009283153
ECFP4_542,0.00092752796
ECFP4_1948,0.00092437473
ECFP4_1761,0.0009238865
ECFP4_1819,0.0009236892
ECFP4_1921,0.0009225323
ECFP4_480,0.0009222137
ECFP4_1600,0.0009214916
ECFP4_1115,0.0009212884
ECFP4_1493,0.0009196353
ECFP4_1632,0.0009179489
ECFP4_935,0.0009166056
ECFP4_1027,0.00091361534
ECFP4_1020,0.0009101287
ECFP4_1512,0.00090941344
ECFP4_902,0.00090850866
ECFP4_920,0.00090140646
ECFP4_787,0.0008868619
ECFP4_1356,0.0008825326
ECFP4_857,0.00087530963
ECFP4_1792,0.00087398227
ECFP4_1470,0.0008703984
ECFP4_904,0.00086967944
AAC_L,0.00086889614
ECFP4_1329,0.00086861063
ECFP4_1972,0.00086779793
ECFP4_1138,0.00085580506
ECFP4_1748,0.0008537691
ECFP4_427,0.00085212075
ECFP4_533,0.000852019
AAC_D,0.0008517282
ECFP4_711,0.0008510843
ECFP4_721,0.00084920647
ECFP4_272,0.00084896665
ECFP4_1012,0.0008487463
ECFP4_644,0.0008482325
ECFP4_1166,0.00084629544
AAC_M,0.0008456734
ECFP4_1539,0.00084508274
ECFP4_83,0.00084028085
ECFP4_1842,0.0008388063
ECFP4_1174,0.00083559746
AAC_G,0.00083557004
ECFP4_569,0.0008346521
ECFP4_1285,0.0008340645
ECFP4_74,0.0008304356
ECFP4_1226,0.0008289564
ECFP4_1086,0.00082833384
ECFP4_626,0.0008227678
ECFP4_1617,0.0008187511
ECFP4_1732,0.0008168976
ECFP4_179,0.00081659417
ECFP4_792,0.00081635284
ECFP4_771,0.00081039156
ECFP4_310,0.00081014633
ECFP4_729,0.00080685335
ECFP4_357,0.0008019637
ECFP4_1988,0.00080160866
ECFP4_887,0.0007986783
ECFP4_305,0.0007976562
ECFP4_1967,0.0007966111
ECFP4_722,0.00079615245
ECFP4_2042,0.00079522707
ECFP4_1301,0.000791781
ECFP4_490,0.0007917694
AAC_W,0.00079097366
ECFP4_647,0.0007843257
ECFP4_1622,0.0007790358
ECFP4_1413,0.00077749963
ECFP4_1970,0.0007768532
ECFP4_769,0.00077400054
ECFP4_874,0.00077357504
ECFP4_1243,0.0007733446
ECFP4_1634,0.0007730609
ECFP4_256,0.00076855323
ECFP4_848,0.0007629345
ECFP4_827,0.00076256826
ECFP4_1535,0.000761128
ECFP4_1376,0.0007560278
ECFP4_835,0.00075144094
ECFP4_1809,0.000748706
ECFP4_288,0.00074390887
ECFP4_1768,0.00074388675
ECFP4_1591,0.00074255216
ECFP4_1401,0.0007393336
ECFP4_791,0.00073699414
ECFP4_802,0.00073611055
ECFP4_1362,0.0007336956
ECFP4_1655,0.0007329287
ECFP4_673,0.0007320807
ECFP4_1430,0.0007291796
ECFP4_1123,0.0007285539
ECFP4_1509,0.00072813843
ECFP4_806,0.0007274595
ECFP4_1508,0.00072645093
ECFP4_181,0.00072616874
ECFP4_1821,0.00072312966
ECFP4_251,0.0007222167
ECFP4_1060,0.0007210891
ECFP4_840,0.0007146179
ECFP4_1661,0.0007143029
AAC_Y,0.0007139066
ECFP4_1772,0.00070987496
AAC_Q,0.0007088031
ECFP4_1855,0.00070822285
ECFP4_841,0.00070485164
ECFP4_1059,0.0007038674
ECFP4_894,0.0007018526
ECFP4_789,0.00069800485
ECFP4_798,0.0006962733
ECFP4_1844,0.00069427415
ECFP4_1796,0.0006914162
ECFP4_879,0.0006839077
ECFP4_1406,0.0006830799
ECFP4_714,0.00068214873
ECFP4_1181,0.0006820073
ECFP4_1880,0.0006798713
ECFP4_1922,0.0006692952
AAC_F,0.00066899427
ECFP4_966,0.0006682722
ECFP4_1014,0.0006663141
ECFP4_1707,0.00066592125
ECFP4_1897,0.00066501787
ECFP4_1131,0.0006635757
ECFP4_1502,0.00066043437
ECFP4_1671,0.0006566852
ECFP4_1339,0.0006561804
ECFP4_1245,0.0006545268
AAC_R,0.0006521034
ECFP4_2002,0.0006514359
ECFP4_1536,0.0006509226
ECFP4_1412,0.0006503603
ECFP4_1233,0.0006497744
ECFP4_1102,0.0006479611
ECFP4_1137,0.0006477515
ECFP4_1190,0.0006477257
AAC_P,0.0006471343
ECFP4_824,0.00064316875
ECFP4_1258,0.0006391136
ECFP4_1464,0.0006367586
ECFP4_333,0.0006355871
ECFP4_1917,0.00063512556
ECFP4_2000,0.0006351219
ECFP4_478,0.0006343141
ECFP4_1766,0.0006314491
ECFP4_1683,0.0006304619
ECFP4_2006,0.00062880135
ECFP4_1984,0.00062812463
ECFP4_2005,0.00062376563
ECFP4_794,0.0006225588
AAC_T,0.00061863917
AAC_H,0.0006168298
ECFP4_1933,0.0006156032
ECFP4_1367,0.00061558274
ECFP4_1033,0.00061406405
ECFP4_1808,0.00061191054
ECFP4_747,0.00061176927
ECFP4_1028,0.0006116752
ECFP4_192,0.00061044353
ECFP4_795,0.0006103791
ECFP4_976,0.0006092673
ECFP4_699,0.00060653937
ECFP4_1944,0.00060527946
ECFP4_1728,0.00060456485
ECFP4_1203,0.0006037963
ECFP4_491,0.0006033067
ECFP4_339,0.0006026481
ECFP4_311,0.000602626
ECFP4_170,0.0006025812
ECFP4_1504,0.0006012207
ECFP4_944,0.0005999103
ECFP4_1964,0.00059920416
ECFP4_1949,0.00059824163
ECFP4_724,0.0005977494
ECFP4_394,0.0005972814
ECFP4_1800,0.0005952794
ECFP4_2023,0.0005951806
ECFP4_1750,0.0005940946
AAC_E,0.00059276936
ECFP4_1873,0.00059206306
AAC_K,0.0005904465
ECFP4_682,0.0005898609
ECFP4_1031,0.00058082293
ECFP4_1110,0.0005799279
ECFP4_613,0.00057951844
ECFP4_1708,0.0005783898
ECFP4_144,0.0005776162
ECFP4_387,0.00057526137
ECFP4_1472,0.0005743778
ECFP4_1658,0.0005727166
ECFP4_635,0.0005717213
ECFP4_1930,0.00057161774
ECFP4_335,0.000569262
ECFP4_777,0.00056713243
ECFP4_1167,0.00056635245
ECFP4_625,0.0005659754
ECFP4_666,0.0005656981
ECFP4_881,0.00056557
ECFP4_455,0.00056551414
ECFP4_1344,0.00056538254
ECFP4_1891,0.00056410395
ECFP4_847,0.0005620551
ECFP4_1289,0.00056095084
ECFP4_892,0.00056071416
ECFP4_103,0.0005591312
AAC_V,0.00055881124
ECFP4_850,0.00055676245
ECFP4_117,0.0005505945
ECFP4_495,0.0005464312
ECFP4_1762,0.00054483576
ECFP4_1003,0.0005443524
ECFP4_343,0.0005442579
ECFP4_314,0.0005436597
ECFP4_685,0.0005435785
ECFP4_1428,0.00053957483
ECFP4_690,0.0005383135
ECFP4_1498,0.00053731113
ECFP4_1588,0.00053641724
ECFP4_854,0.00053551776
ECFP4_148,0.0005353555
ECFP4_1781,0.0005350661
ECFP4_1063,0.00053417706
ECFP4_997,0.0005340937
ECFP4_1219,0.0005330912
ECFP4_2045,0.00053247827
ECFP4_1156,0.0005310934
ECFP4_1168,0.0005308244
ECFP4_1325,0.0005301133
ECFP4_1471,0.0005294487
ECFP4_760,0.00052858604
ECFP4_1667,0.0005276112
ECFP4_588,0.0005264008
ECFP4_1308,0.00052603113
ECFP4_1923,0.0005255596
ECFP4_299,0.0005245372
ECFP4_624,0.0005237274
ECFP4_1687,0.0005228037
ECFP4_946,0.000522518
ECFP4_1269,0.0005217744
ECFP4_1224,0.0005212134
ECFP4_62,0.0005209147
ECFP4_1459,0.0005207314
ECFP4_1507,0.0005204568
ECFP4_856,0.00051961106
ECFP4_1481,0.0005193849
ECFP4_1573,0.0005185463
ECFP4_138,0.000517891
ECFP4_1971,0.0005160214
ECFP4_1887,0.0005157282
ECFP4_1292,0.0005152521
ECFP4_1765,0.00051460654
ECFP4_829,0.0005145595
ECFP4_1642,0.0005143812
ECFP4_1422,0.0005136611
ECFP4_303,0.0005122228
ECFP4_640,0.00051143515
ECFP4_1075,0.00050852913
ECFP4_405,0.0005051869
ECFP4_1568,0.00050502236
ECFP4_985,0.0005042359
ECFP4_284,0.00050378725
ECFP4_869,0.00050140644
ECFP4_324,0.00050116715
ECFP4_1080,0.0005009788
ECFP4_1084,0.0005008579
ECFP4_1926,0.0005001167
ECFP4_227,0.00049868197
ECFP4_642,0.0004986456
ECFP4_811,0.00049857935
ECFP4_1019,0.0004968917
ECFP4_1404,0.0004967587
ECFP4_1195,0.0004965416
ECFP4_1914,0.00049603626
ECFP4_1722,0.00049516984
ECFP4_1938,0.00049400737
ECFP4_1365,0.0004936845
ECFP4_629,0.0004933217
ECFP4_1457,0.00049321784
ECFP4_1104,0.00049295655
ECFP4_995,0.00049215386
ECFP4_1087,0.0004901014
ECFP4_1790,0.00048967224
ECFP4_1335,0.0004886353
ECFP4_1845,0.0004885263
ECFP4_1746,0.000487669
ECFP4_650,0.000486433
ECFP4_475,0.000485573
ECFP4_1719,0.00048492049
AAC_I,0.00048488
ECFP4_157,0.00048404356
ECFP4_910,0.00048110817
ECFP4_1677,0.0004809545
ECFP4_1791,0.00047777142
ECFP4_801,0.000477329
ECFP4_737,0.00047665235
ECFP4_1094,0.00047363134
ECFP4_1160,0.0004729248
ECFP4_1070,0.0004727708
ECFP4_318,0.00047030585
ECFP4_1297,0.00046764858
ECFP4_513,0.0004672325
ECFP4_695,0.00046660614
ECFP4_1283,0.00046657526
ECFP4_2007,0.0004657556
AAC_N,0.0004657007
ECFP4_780,0.00046502473
ECFP4_752,0.00046471925
ECFP4_1416,0.00046378264
ECFP4_1391,0.00046334727
ECFP4_1697,0.00046317198
ECFP4_1954,0.00046263955
ECFP4_403,0.00046241167
ECFP4_836,0.00046206516
ECFP4_701,0.00046106344
ECFP4_281,0.00046092254
ECFP4_559,0.0004588591
ECFP4_1320,0.00045770092
ECFP4_341,0.00045662696
ECFP4_1738,0.00045654434
ECFP4_381,0.00045527593
ECFP4_231,0.00045421417
ECFP4_968,0.00045215595
ECFP4_382,0.00045184078
ECFP4_1083,0.00045151147
ECFP4_1488,0.00045095006
ECFP4_1485,0.0004507942
ECFP4_1055,0.0004506583
ECFP4_1058,0.000449414
ECFP4_755,0.00044888243
ECFP4_1943,0.00044825015
ECFP4_733,0.00044806043
ECFP4_1837,0.00044427445
ECFP4_1349,0.0004439153
ECFP4_863,0.0004415385
ECFP4_710,0.0004413675
ECFP4_1035,0.0004409967
ECFP4_931,0.000440816
ECFP4_1056,0.00043980795
ECFP4_774,0.00043975093
ECFP4_1474,0.000439547
ECFP4_1152,0.0004393214
ECFP4_554,0.00043917817
ECFP4_1952,0.00043872528
ECFP4_190,0.00043589264
ECFP4_826,0.00043586927
ECFP4_195,0.00043578286
ECFP4_846,0.00043568388
ECFP4_604,0.0004355131
ECFP4_1257,0.00043499362
ECFP4_85,0.0004347497
ECFP4_1720,0.00043360883
ECFP4_236,0.00043341276
ECFP4_1649,0.00043250885
ECFP4_1212,0.00043184886
ECFP4_2047,0.0004314787
ECFP4_1645,0.00043108093
ECFP4_1040,0.00043073535
ECFP4_1630,0.0004305226
ECFP4_122,0.0004291692
ECFP4_75,0.00042614128
ECFP4_2025,0.00042613427
ECFP4_1861,0.00042545173
ECFP4_1354,0.0004251083
ECFP4_1097,0.00042503956
ECFP4_2029,0.00042437625
ECFP4_1876,0.0004241155
ECFP4_1049,0.00042394936
ECFP4_897,0.00042375186
ECFP4_1299,0.0004235763
ECFP4_1735,0.00042348853
ECFP4_411,0.00042308567
ECFP4_1874,0.00042303087
ECFP4_804,0.00042278288
ECFP4_837,0.00042190752
ECFP4_1513,0.0004214
ECFP4_1005,0.00042115556
ECFP4_1860,0.00042105245
ECFP4_1980,0.00042055687
ECFP4_252,0.0004184609
ECFP4_1510,0.00041816902
ECFP4_136,0.00041738807
ECFP4_1856,0.0004171775
ECFP4_1794,0.00041699634
ECFP4_204,0.00041650012
ECFP4_1290,0.0004160812
ECFP4_15,0.00041584147
ECFP4_759,0.00041553302
ECFP4_1549,0.0004149378
ECFP4_1780,0.0004147372
ECFP4_1275,0.00041423133
ECFP4_1701,0.00041378208
ECFP4_168,0.00041362242
ECFP4_1499,0.00041287995
ECFP4_440,0.0004121634
ECFP4_573,0.00041134076
ECFP4_1918,0.0004102758
ECFP4_1784,0.00040990778
ECFP4_1410,0.0004097778
ECFP4_803,0.00040944232
ECFP4_718,0.00040928397
ECFP4_141,0.00040850442
ECFP4_2030,0.0004078525
ECFP4_2018,0.0004067198
ECFP4_1001,0.00040665688
ECFP4_1581,0.00040658604
ECFP4_1057,0.00040574785
ECFP4_95,0.00040537203
ECFP4_1759,0.00040447773
ECFP4_2020,0.00040446216
ECFP4_1054,0.00040410957
ECFP4_1164,0.00040410788
ECFP4_977,0.00040377118
ECFP4_48,0.00040100637
ECFP4_1204,0.00040087974
ECFP4_1834,0.0004004645
ECFP4_1839,0.00040045788
ECFP4_1239,0.00039877844
ECFP4_932,0.0003981304
ECFP4_201,0.00039728964
ECFP4_1064,0.00039683812
ECFP4_1249,0.0003960202
ECFP4_1806,0.0003937485
ECFP4_312,0.00039109273
ECFP4_1187,0.0003907358
ECFP4_632,0.00039064317
ECFP4_289,0.00039016618
ECFP4_781,0.0003901025
ECFP4_99,0.00038756125
ECFP4_927,0.00038585532
ECFP4_1714,0.00038581114
ECFP4_30,0.00038572508
ECFP4_275,0.0003855249
ECFP4_1755,0.00038544307
ECFP4_888,0.00038515584
ECFP4_1626,0.0003842375
ECFP4_974,0.00038411506
ECFP4_651,0.00038336706
ECFP4_221,0.00038307722
ECFP4_51,0.0003828041
ECFP4_1318,0.0003824933
ECFP4_402,0.00038229857
ECFP4_788,0.000381997
ECFP4_1745,0.00038124557
ECFP4_2041,0.0003812175
ECFP4_1998,0.00038061597
ECFP4_1548,0.00038028776
ECFP4_716,0.00038028223
ECFP4_992,0.0003791862
ECFP4_1942,0.0003791688
ECFP4_871,0.00037841394
ECFP4_1553,0.0003780376
ECFP4_1460,0.00037662592
ECFP4_674,0.00037655153
ECFP4_1321,0.0003763725
ECFP4_60,0.0003762447
ECFP4_1939,0.0003758005
ECFP4_2016,0.0003756093
ECFP4_715,0.00037540888
ECFP4_1910,0.00037317013
ECFP4_479,0.000372866
ECFP4_1828,0.00037272694
ECFP4_175,0.00037261038
ECFP4_1624,0.0003724164
ECFP4_1384,0.00037231116
ECFP4_1096,0.00037153382
ECFP4_321,0.0003712669
ECFP4_1178,0.00037094366
ECFP4_202,0.0003708351
ECFP4_147,0.0003707483
ECFP4_1690,0.00037022916
ECFP4_379,0.00037005288
ECFP4_1331,0.00036980718
ECFP4_1399,0.00036716816
ECFP4_1589,0.0003670095
ECFP4_449,0.00036667095
ECFP4_1643,0.00036632788
ECFP4_1147,0.00036573166
ECFP4_1262,0.0003648841
ECFP4_965,0.0003638189
ECFP4_665,0.00036366293
ECFP4_984,0.000363062
ECFP4_1228,0.00036213358
ECFP4_1421,0.00036120307
ECFP4_409,0.000361077
ECFP4_1468,0.00036097976
ECFP4_1483,0.00036086538
ECFP4_313,0.0003607297
ECFP4_1712,0.00036052367
ECFP4_1346,0.00036051593
ECFP4_1221,0.0003601122
ECFP4_2044,0.00035922797
ECFP4_1775,0.0003583354
ECFP4_1871,0.00035807988
ECFP4_658,0.00035767382
ECFP4_1937,0.00035729865
ECFP4_486,0.0003570489
ECFP4_1238,0.0003565468
ECFP4_1180,0.0003564969
ECFP4_768,0.0003552923
ECFP4_582,0.00035508475
ECFP4_1037,0.00035467837
ECFP4_1587,0.00035442226
ECFP4_1229,0.0003539058
ECFP4_1572,0.00035374518
ECFP4_274,0.00035241467
ECFP4_164,0.00035226214
ECFP4_1364,0.00035222687
ECFP4_534,0.00035218956
ECFP4_807,0.00035174916
ECFP4_1009,0.0003516519
ECFP4_1199,0.00035132119
ECFP4_1385,0.00035112203
ECFP4_1293,0.00035093763
ECFP4_205,0.00034961695
ECFP4_240,0.00034932242
ECFP4_1143,0.00034917283
ECFP4_527,0.00034831956
ECFP4_1165,0.0003482252
ECFP4_352,0.00034782276
ECFP4_1142,0.0003476245
ECFP4_1389,0.00034730142
ECFP4_917,0.0003464193
ECFP4_173,0.00034602344
ECFP4_1175,0.00034560575
ECFP4_1279,0.00034553785
ECFP4_1613,0.00034551148
ECFP4_1660,0.00034356577
ECFP4_885,0.00034335259
ECFP4_577,0.00034111144
ECFP4_1680,0.00034094203
ECFP4_1447,0.00034087215
ECFP4_852,0.00034071878
ECFP4_1647,0.00033999272
ECFP4_380,0.0003398457
ECFP4_1011,0.00033950357
ECFP4_1754,0.00033949988
ECFP4_1417,0.0003384208
ECFP4_916,0.00033835636
ECFP4_1928,0.00033826006
ECFP4_1179,0.00033698196
ECFP4_988,0.00033687917
ECFP4_1024,0.000336463
ECFP4_456,0.0003360305
ECFP4_441,0.0003360143
ECFP4_1007,0.0003356301
ECFP4_158,0.00033550136
ECFP4_775,0.00033483707
ECFP4_1409,0.00033443113
ECFP4_516,0.00033385478
ECFP4_1818,0.00033365376
ECFP4_891,0.0003330227
ECFP4_698,0.00033299264
ECFP4_1986,0.00033250323
ECFP4_1670,0.00033161443
ECFP4_633,0.00033043485
ECFP4_1989,0.00032950134
ECFP4_612,0.0003294159
ECFP4_476,0.00032876513
ECFP4_351,0.0003284581
ECFP4_1916,0.00032823192
ECFP4_914,0.00032788847
ECFP4_458,0.0003277936
ECFP4_45,0.00032714635
ECFP4_532,0.00032604224
ECFP4_1015,0.00032601797
ECFP4_623,0.00032582058
ECFP4_1767,0.00032543115
ECFP4_1904,0.000325272
ECFP4_708,0.000323963
ECFP4_1132,0.0003236922
ECFP4_883,0.00032345392
ECFP4_384,0.0003225254
ECFP4_433,0.00032239855
ECFP4_731,0.0003220072
ECFP4_1473,0.00032079266
ECFP4_1629,0.00032054615
ECFP4_1013,0.00032027115
ECFP4_877,0.00031904815
ECFP4_590,0.00031900924
ECFP4_1313,0.00031895738
ECFP4_1783,0.00031885723
ECFP4_1682,0.00031814552
ECFP4_1532,0.00031741854
ECFP4_865,0.0003163882
ECFP4_2028,0.00031631914
ECFP4_507,0.0003159664
ECFP4_395,0.00031473621
ECFP4_389,0.00031458
ECFP4_1477,0.00031428382
ECFP4_1518,0.00031424023
ECFP4_1419,0.00031412617
ECFP4_1480,0.00031370486
ECFP4_903,0.00031284837
ECFP4_606,0.00031171954
ECFP4_84,0.0003107223
ECFP4_1209,0.0003104736
ECFP4_924,0.00030996284
ECFP4_250,0.00030948094
ECFP4_496,0.00030925305
ECFP4_782,0.00030913184
ECFP4_1487,0.00030880244
ECFP4_1307,0.0003084509
ECFP4_470,0.0003076806
ECFP4_643,0.00030756198
ECFP4_564,0.00030694826
ECFP4_947,0.00030612512
ECFP4_241,0.00030604165
ECFP4_1436,0.00030563842
ECFP4_1978,0.00030540887
ECFP4_1128,0.00030519534
ECFP4_1959,0.00030491847
ECFP4_743,0.00030417115
ECFP4_552,0.00030367935
ECFP4_329,0.00030341986
AAC_A,0.0003034151
ECFP4_669,0.0003029676
ECFP4_1304,0.0003024857
ECFP4_1698,0.00030240684
ECFP4_493,0.00030224508
ECFP4_1911,0.00030202282
ECFP4_504,0.00030179173
ECFP4_1326,0.00030153073
ECFP4_1134,0.00030150358
ECFP4_753,0.00030147177
ECFP4_78,0.00030122168
ECFP4_378,0.00030118437
ECFP4_257,0.00030117264
ECFP4_1648,0.0003009622
ECFP4_630,0.00030091964
ECFP4_820,0.00030075165
ECFP4_609,0.00030065043
ECFP4_1896,0.0003003668
ECFP4_1789,0.0003003178
ECFP4_1171,0.00029976686
ECFP4_234,0.0002996032
ECFP4_1651,0.00029868152
ECFP4_1602,0.0002985713
ECFP4_1085,0.0002975066
ECFP4_1393,0.0002974254
ECFP4_967,0.00029674303
ECFP4_705,0.00029670878
ECFP4_600,0.00029645202
ECFP4_654,0.00029606806
ECFP4_1799,0.0002957498
ECFP4_1620,0.000294962
ECFP4_116,0.0002949486
ECFP4_2039,0.00029493592
ECFP4_756,0.00029460803
ECFP4_1205,0.00029444418
ECFP4_1448,0.00029381443
ECFP4_113,0.0002925343
ECFP4_1538,0.00029209247
ECFP4_509,0.00029114314
ECFP4_31,0.00029100693
ECFP4_1612,0.0002907788
ECFP4_1565,0.00029016548
ECFP4_1017,0.0002900349
ECFP4_1133,0.00028886937
ECFP4_143,0.00028854364
ECFP4_249,0.00028824044
ECFP4_1129,0.0002880933
ECFP4_855,0.00028793473
ECFP4_255,0.00028777376
ECFP4_1408,0.00028727946
ECFP4_1050,0.0002871496
ECFP4_1650,0.00028713502
ECFP4_1466,0.00028644764
ECFP4_1047,0.00028596292
ECFP4_421,0.00028573125
ECFP4_1348,0.0002854829
ECFP4_358,0.00028535278
ECFP4_1182,0.0002850649
ECFP4_1004,0.0002845674
ECFP4_1567,0.00028390816
ECFP4_1636,0.0002838128
ECFP4_1950,0.00028370452
ECFP4_237,0.00028364
ECFP4_264,0.00028320827
ECFP4_295,0.00028305996
ECFP4_1121,0.0002828161
ECFP4_467,0.00028245014
ECFP4_1604,0.00028161402
ECFP4_265,0.00028141766
ECFP4_618,0.00028101198
ECFP4_1241,0.0002809888
ECFP4_652,0.00028076765
ECFP4_1078,0.0002807164
ECFP4_1724,0.00028054992
ECFP4_672,0.00028054958
ECFP4_368,0.0002799062
ECFP4_828,0.00027978467
ECFP4_162,0.0002797346
ECFP4_540,0.0002794311
ECFP4_991,0.0002792172
ECFP4_1496,0.0002790746
ECFP4_1517,0.00027880876
ECFP4_416,0.00027869432
ECFP4_1605,0.0002782746
ECFP4_1072,0.0002780091
ECFP4_870,0.00027778174
ECFP4_14,0.00027623915
ECFP4_544,0.0002761977
ECFP4_1405,0.00027579852
ECFP4_1252,0.00027563592
ECFP4_758,0.00027441158
ECFP4_489,0.0002736504
ECFP4_87,0.0002720272
ECFP4_1071,0.0002720145
ECFP4_399,0.00027194526
ECFP4_842,0.00027155463
ECFP4_1018,0.00027139715
ECFP4_277,0.00027112162
ECFP4_1524,0.00027046748
ECFP4_851,0.0002704573
ECFP4_1089,0.00027013005
ECFP4_243,0.00026970473
ECFP4_1619,0.00026945572
ECFP4_583,0.00026860667
ECFP4_1906,0.00026824733
ECFP4_1183,0.00026821063
ECFP4_309,0.00026774048
ECFP4_472,0.000267706
ECFP4_426,0.00026768708
ECFP4_442,0.00026717954
ECFP4_1990,0.00026644222
ECFP4_1154,0.000266186
ECFP4_1377,0.00026612022
ECFP4_1519,0.0002661137
ECFP4_266,0.0002659033
ECFP4_1575,0.0002658253
ECFP4_366,0.00026573054
ECFP4_1424,0.00026558145
ECFP4_1146,0.00026524084
ECFP4_448,0.00026464422
ECFP4_1038,0.00026452763
ECFP4_1674,0.00026368338
ECFP4_82,0.00026363428
ECFP4_983,0.0002634792
ECFP4_617,0.00026297892
ECFP4_502,0.0002629089
ECFP4_1002,0.00026133872
ECFP4_96,0.0002611601
ECFP4_816,0.0002610615
ECFP4_1574,0.00026028985
ECFP4_269,0.00025880247
ECFP4_1892,0.00025815953
ECFP4_890,0.00025815138
ECFP4_139,0.00025814763
ECFP4_290,0.00025804847
ECFP4_345,0.00025801986
ECFP4_1445,0.00025718
ECFP4_171,0.00025655722
ECFP4_1155,0.0002564327
ECFP4_1853,0.0002563922
ECFP4_1812,0.00025603402
ECFP4_1254,0.00025572148
ECFP4_1851,0.00025418002
ECFP4_1773,0.00025413767
ECFP4_784,0.00025324128
ECFP4_684,0.00025294835
ECFP4_1066,0.00025288833
ECFP4_2017,0.00025237384
ECFP4_213,0.00025235597
ECFP4_1684,0.00025196085
ECFP4_1831,0.00025123596
ECFP4_1659,0.00025108477
ECFP4_861,0.00025104
ECFP4_1905,0.00024981776
ECFP4_676,0.00024933624
ECFP4_675,0.00024918068
ECFP4_212,0.00024895463
ECFP4_417,0.00024859494
ECFP4_1740,0.00024840157
ECFP4_228,0.00024823556
ECFP4_27,0.000248039
ECFP4_1580,0.0002479901
ECFP4_1189,0.0002479787
ECFP4_193,0.0002477178
ECFP4_1627,0.00024767432
ECFP4_1646,0.0002475842
ECFP4_1603,0.00024702886
ECFP4_1826,0.0002468672
ECFP4_1043,0.0002466979
ECFP4_450,0.0002463434
ECFP4_911,0.00024626692
ECFP4_896,0.00024623275
ECFP4_2031,0.00024596477
ECFP4_1595,0.00024543423
ECFP4_697,0.00024539087
ECFP4_680,0.00024508435
ECFP4_1503,0.00024433064
ECFP4_565,0.00024399116
ECFP4_322,0.00024378089
ECFP4_1236,0.00024373674
ECFP4_1240,0.00024359355
ECFP4_500,0.00024359103
ECFP4_1163,0.00024328893
ECFP4_693,0.00024313355
ECFP4_561,0.00024303915
ECFP4_111,0.00024274537
ECFP4_1852,0.00024201744
ECFP4_1434,0.00024160529
ECFP4_1042,0.00024073088
ECFP4_608,0.00024031347
ECFP4_1822,0.00024012242
ECFP4_1849,0.00023987282
ECFP4_434,0.00023967722
ECFP4_1969,0.00023919916
ECFP4_1597,0.00023896538
ECFP4_1594,0.00023852932
ECFP4_1902,0.00023848623
ECFP4_915,0.00023841576
ECFP4_1582,0.00023785338
ECFP4_347,0.00023781274
ECFP4_473,0.00023764164
ECFP4_1785,0.00023756726
ECFP4_819,0.00023721803
ECFP4_1198,0.00023672165
ECFP4_194,0.00023654102
ECFP4_1374,0.00023594713
ECFP4_2038,0.00023564544
ECFP4_745,0.00023540041
ECFP4_1327,0.0002350969
ECFP4_107,0.00023473428
ECFP4_704,0.00023461397
ECFP4_1875,0.00023457223
ECFP4_1441,0.00023387534
ECFP4_1579,0.00023294234
ECFP4_1397,0.00023276379
ECFP4_1562,0.00023237725
ECFP4_1736,0.00023167023
ECFP4_1244,0.00023148689
ECFP4_1558,0.00023143641
ECFP4_191,0.00023125809
ECFP4_89,0.00023099594
ECFP4_656,0.00023095912
ECFP4_637,0.00023092197
ECFP4_1814,0.00023045769
ECFP4_938,0.00022953986
ECFP4_443,0.0002292964
ECFP4_68,0.00022909255
ECFP4_964,0.00022849334
ECFP4_511,0.00022848636
ECFP4_1202,0.00022843998
ECFP4_872,0.00022828749
ECFP4_238,0.00022776268
ECFP4_653,0.00022728909
ECFP4_1776,0.0002271175
ECFP4_331,0.00022694863
ECFP4_1025,0.00022620341
ECFP4_154,0.00022554268
ECFP4_59,0.00022544731
ECFP4_247,0.00022476079
ECFP4_1596,0.00022453367
ECFP4_1932,0.00022422023
ECFP4_492,0.00022339745
ECFP4_1127,0.00022312361
ECFP4_950,0.00022295157
ECFP4_1282,0.0002229163
ECFP4_1008,0.00022282876
ECFP4_2,0.0002227554
ECFP4_1672,0.00022155735
ECFP4_446,0.00022120061
ECFP4_1021,0.0002209852
ECFP4_772,0.00022055332
ECFP4_1843,0.00022020594
ECFP4_589,0.00021937874
ECFP4_248,0.00021913476
ECFP4_1414,0.0002186465
ECFP4_1222,0.00021861591
ECFP4_1961,0.00021852604
ECFP4_779,0.00021754202
ECFP4_1375,0.0002146566
ECFP4_349,0.00021435696
ECFP4_1793,0.00021420319
ECFP4_1691,0.00021398852
ECFP4_1250,0.00021335772
ECFP4_1611,0.00021304678
ECFP4_1877,0.0002129936
ECFP4_576,0.00021278452
ECFP4_79,0.00021262813
ECFP4_525,0.00021257412
ECFP4_58,0.00021228938
ECFP4_356,0.0002118567
ECFP4_401,0.00021149433
ECFP4_522,0.00021114193
ECFP4_1991,0.00021078081
ECFP4_474,0.00021067334
ECFP4_323,0.00021041752
ECFP4_80,0.00021027679
ECFP4_336,0.00021018367
ECFP4_1782,0.00020972693
ECFP4_1652,0.00020932381
ECFP4_1816,0.00020893652
ECFP4_1211,0.00020868078
ECFP4_397,0.00020789226
ECFP4_636,0.0002076771
ECFP4_1253,0.00020748959
ECFP4_1098,0.0002072388
ECFP4_304,0.00020720235
ECFP4_736,0.00020662374
ECFP4_593,0.00020589857
ECFP4_978,0.00020574876
ECFP4_325,0.00020574844
ECFP4_1615,0.00020544579
ECFP4_1120,0.00020526811
ECFP4_878,0.00020500165
ECFP4_12,0.00020499018
ECFP4_1653,0.00020483951
ECFP4_757,0.00020443115
ECFP4_1734,0.0002043733
ECFP4_86,0.00020437165
ECFP4_1795,0.00020430208
ECFP4_1387,0.00020348532
ECFP4_372,0.00020345672
ECFP4_1741,0.00020337691
ECFP4_1277,0.00020317687
ECFP4_586,0.00020299316
ECFP4_834,0.0002028446
ECFP4_1752,0.00020197351
ECFP4_790,0.0002018687
ECFP4_1686,0.00020151047
ECFP4_1039,0.0002012244
ECFP4_471,0.00020102762
ECFP4_973,0.00020051847
ECFP4_1482,0.00020023949
ECFP4_328,0.00019932442
ECFP4_1983,0.00019879785
ECFP4_895,0.00019864854
ECFP4_1214,0.00019827054
ECFP4_140,0.00019823753
ECFP4_1045,0.00019814186
ECFP4_1062,0.00019804551
ECFP4_998,0.00019767307
ECFP4_1500,0.00019738796
ECFP4_1975,0.0001973185
ECFP4_2036,0.00019668251
ECFP4_115,0.00019609297
ECFP4_1197,0.00019585207
ECFP4_226,0.00019403147
ECFP4_1423,0.00019366329
ECFP4_1286,0.00019316688
ECFP4_1112,0.00019303757
ECFP4_1082,0.00019273678
ECFP4_1341,0.00019267338
ECFP4_1336,0.00019234682
ECFP4_1032,0.00019220011
ECFP4_830,0.00019202745
ECFP4_1835,0.00019194496
ECFP4_1610,0.00019102592
ECFP4_809,0.00019101321
ECFP4_1951,0.00019078409
ECFP4_628,0.00019077306
ECFP4_209,0.00019044089
ECFP4_648,0.00018979452
ECFP4_1927,0.0001897878
ECFP4_203,0.00018903059
ECFP4_679,0.00018891915
ECFP4_886,0.00018871263
ECFP4_93,0.00018838586
ECFP4_484,0.00018789065
ECFP4_730,0.0001876419
ECFP4_814,0.00018747614
ECFP4_508,0.00018700212
ECFP4_960,0.00018682468
ECFP4_1411,0.00018624605
ECFP4_543,0.00018612308
ECFP4_1840,0.00018570987
ECFP4_707,0.00018547101
ECFP4_167,0.00018527808
ECFP4_649,0.00018508606
ECFP4_386,0.00018484223
ECFP4_125,0.00018480915
ECFP4_137,0.00018475926
ECFP4_70,0.00018453364
ECFP4_762,0.00018396694
ECFP4_1570,0.00018322434
ECFP4_1924,0.00018320595
ECFP4_531,0.00018309828
ECFP4_1685,0.00018295483
ECFP4_41,0.00018211338
ECFP4_905,0.0001820973
ECFP4_66,0.00018189364
ECFP4_229,0.00018185705
ECFP4_1751,0.00018167098
ECFP4_453,0.00018096805
ECFP4_1505,0.00018080125
ECFP4_1825,0.00017995124
ECFP4_2019,0.00017975154
ECFP4_1140,0.00017961377
ECFP4_1884,0.00017934488
ECFP4_638,0.0001791021
ECFP4_293,0.0001787613
ECFP4_776,0.00017853756
ECFP4_1590,0.0001784215
ECFP4_823,0.0001781412
ECFP4_866,0.00017795958
ECFP4_1319,0.00017757459
ECFP4_1465,0.00017720317
ECFP4_348,0.00017712005
ECFP4_1363,0.00017676786
ECFP4_1778,0.00017664718
ECFP4_501,0.00017660127
ECFP4_197,0.000176093
ECFP4_400,0.00017571491
ECFP4_987,0.00017567688
ECFP4_1145,0.00017451975
ECFP4_114,0.00017438011
ECFP4_723,0.00017426755
ECFP4_1999,0.00017331175
ECFP4_276,0.00017322491
ECFP4_1547,0.00017262272
ECFP4_1256,0.00017238813
ECFP4_120,0.00017117472
ECFP4_1300,0.00017116191
ECFP4_1731,0.00017056872
ECFP4_1150,0.00017039686
ECFP4_908,0.00017032522
ECFP4_253,0.00017000384
ECFP4_160,0.00016966654
ECFP4_385,0.00016836701
ECFP4_557,0.00016829382
ECFP4_1052,0.00016748835
ECFP4_1523,0.00016738633
ECFP4_1703,0.00016692789
ECFP4_989,0.00016676611
ECFP4_187,0.00016672155
ECFP4_1111,0.00016627021
ECFP4_587,0.00016620634
ECFP4_1564,0.00016618588
ECFP4_55,0.00016593041
ECFP4_1501,0.00016525843
ECFP4_694,0.00016497583
ECFP4_549,0.00016492575
ECFP4_1342,0.00016480651
ECFP4_36,0.000164424
ECFP4_956,0.00016384671
ECFP4_1623,0.00016365011
ECFP4_1893,0.00016363784
ECFP4_361,0.00016361402
ECFP4_1088,0.00016254648
ECFP4_363,0.00016245182
ECFP4_1272,0.00016227826
ECFP4_662,0.0001619752
ECFP4_1184,0.00016145586
ECFP4_1207,0.00016080064
ECFP4_1757,0.00016061036
ECFP4_128,0.00016019377
ECFP4_550,0.00015997287
ECFP4_39,0.00015985871
ECFP4_482,0.00015944464
ECFP4_696,0.0001592989
ECFP4_1026,0.0001587974
ECFP4_483,0.00015860004
ECFP4_1230,0.00015856908
ECFP4_1492,0.0001584184
ECFP4_766,0.00015773527
ECFP4_1729,0.00015747132
ECFP4_298,0.00015736694
ECFP4_591,0.00015733193
ECFP4_69,0.00015665224
ECFP4_1443,0.00015641184
ECFP4_1805,0.00015628421
ECFP4_268,0.00015627251
ECFP4_155,0.0001560875
ECFP4_1737,0.00015561395
ECFP4_728,0.0001555476
ECFP4_1023,0.00015541633
ECFP4_373,0.00015494468
ECFP4_432,0.00015482825
ECFP4_220,0.00015469379
ECFP4_1352,0.00015449215
ECFP4_259,0.00015443012
ECFP4_553,0.00015428576
ECFP4_1196,0.00015377127
ECFP4_267,0.00015333349
ECFP4_1294,0.00015330633
ECFP4_1996,0.00015314139
ECFP4_969,0.00015289531
ECFP4_90,0.00015198687
ECFP4_1108,0.0001518868
ECFP4_520,0.00015148154
ECFP4_109,0.00015146982
ECFP4_744,0.00015139335
ECFP4_1863,0.00015133205
ECFP4_1979,0.00015125408
ECFP4_925,0.00015103204
ECFP4_334,0.00015088063
ECFP4_350,0.00015081206
ECFP4_273,0.00015038686
ECFP4_1571,0.0001502757
ECFP4_258,0.00015013208
ECFP4_488,0.00014967976
ECFP4_1628,0.00014965462
ECFP4_889,0.00014963839
ECFP4_1868,0.00014897926
ECFP4_555,0.00014885164
ECFP4_595,0.00014881152
ECFP4_703,0.0001485099
ECFP4_20,0.00014846236
ECFP4_413,0.0001484309
ECFP4_165,0.00014826645
ECFP4_1298,0.00014802202
ECFP4_1350,0.00014762343
ECFP4_1366,0.00014737555
ECFP4_67,0.00014735686
ECFP4_1469,0.00014731512
ECFP4_523,0.00014724143
ECFP4_375,0.00014697744
ECFP4_1248,0.00014683945
ECFP4_1345,0.00014625242
ECFP4_43,0.00014590188
ECFP4_898,0.00014560441
ECFP4_631,0.00014556518
ECFP4_457,0.00014545511
ECFP4_63,0.00014535703
ECFP4_981,0.0001453333
ECFP4_1192,0.00014508668
ECFP4_1200,0.00014472382
ECFP4_1514,0.00014449407
ECFP4_548,0.00014444442
ECFP4_556,0.00014437299
ECFP4_717,0.00014428268
ECFP4_425,0.00014421088
ECFP4_92,0.00014373101
ECFP4_849,0.00014368654
ECFP4_778,0.00014341479
ECFP4_1444,0.00014337039
ECFP4_1832,0.00014238368
ECFP4_132,0.00014227635
ECFP4_1530,0.00014221254
ECFP4_734,0.00014213231
ECFP4_1394,0.00014194475
ECFP4_196,0.00014157085
ECFP4_845,0.00014134962
ECFP4_292,0.0001405316
ECFP4_922,0.00013982903
ECFP4_319,0.00013905334
ECFP4_121,0.00013894375
ECFP4_700,0.00013891568
ECFP4_1453,0.0001388534
ECFP4_390,0.0001388526
ECFP4_7,0.00013874349
ECFP4_913,0.0001387403
ECFP4_1824,0.00013873854
ECFP4_860,0.00013801656
ECFP4_1041,0.00013800852
ECFP4_517,0.00013784757
ECFP4_821,0.00013782123
ECFP4_21,0.00013737343
ECFP4_1461,0.00013732386
ECFP4_614,0.00013678972
ECFP4_754,0.00013662758
ECFP4_301,0.00013655188
ECFP4_941,0.00013624864
ECFP4_832,0.00013593808
ECFP4_34,0.0001358824
ECFP4_1136,0.00013562021
ECFP4_207,0.00013557759
ECFP4_25,0.00013554866
ECFP4_246,0.00013468598
ECFP4_1566,0.0001346836
ECFP4_1753,0.00013418186
ECFP4_536,0.00013274136
ECFP4_1476,0.00013265047
ECFP4_1069,0.00013197529
ECFP4_102,0.00013175704
ECFP4_145,0.00013155348
ECFP4_667,0.00013130643
ECFP4_354,0.00013043219
ECFP4_1836,0.00012994034
ECFP4_1046,0.00012951283
ECFP4_884,0.00012901373
ECFP4_1267,0.00012891271
ECFP4_1957,0.00012871459
ECFP4_46,0.00012852588
ECFP4_749,0.00012838
ECFP4_1395,0.00012814016
ECFP4_601,0.00012791561
ECFP4_374,0.00012776502
ECFP4_1479,0.0001277112
ECFP4_1322,0.00012726638
ECFP4_1149,0.00012708743
ECFP4_822,0.00012704653
ECFP4_677,0.00012679526
ECFP4_838,0.00012664497
ECFP4_545,0.00012651991
ECFP4_953,0.00012627775
ECFP4_1869,0.00012568771
ECFP4_1715,0.0001256305
ECFP4_326,0.00012541306
ECFP4_581,0.00012370766
ECFP4_1638,0.00012324812
ECFP4_464,0.00012296063
ECFP4_942,0.00012228779
ECFP4_296,0.00012207612
ECFP4_1091,0.00012146587
ECFP4_11,0.000121068326
ECFP4_867,0.00012079137
ECFP4_106,0.00012061076
ECFP4_584,0.000120466146
ECFP4_668,0.00012031433
ECFP4_315,0.0001199738
ECFP4_627,0.00011960203
ECFP4_13,0.000119250704
ECFP4_108,0.000118779746
ECFP4_1820,0.000118247015
ECFP4_1833,0.000118133044
ECFP4_691,0.000117667165
ECFP4_882,0.000117183146
ECFP4_101,0.00011674449
ECFP4_546,0.000116666946
ECFP4_291,0.000116558265
ECFP4_76,0.00011637706
ECFP4_239,0.00011544343
ECFP4_1090,0.00011529457
ECFP4_1151,0.00011485117
ECFP4_1841,0.000114319955
ECFP4_808,0.00011425896
ECFP4_1383,0.000114235474
ECFP4_1280,0.00011420317
ECFP4_294,0.000113996204
ECFP4_105,0.00011354986
ECFP4_1614,0.00011353322
ECFP4_1543,0.00011345519
ECFP4_423,0.00011314446
ECFP4_283,0.00011300111
ECFP4_18,0.00011250676
ECFP4_186,0.00011200603
ECFP4_562,0.00011192329
ECFP4_1700,0.00011127698
ECFP4_53,0.00011103965
ECFP4_124,0.00011088027
ECFP4_242,0.00011066422
ECFP4_659,0.000109350905
ECFP4_1888,0.000108990695
ECFP4_330,0.00010894082
ECFP4_957,0.00010871778
ECFP4_2024,0.00010868652
ECFP4_818,0.000108622124
ECFP4_300,0.000108535554
ECFP4_119,0.000107386295
ECFP4_98,0.000107307234
ECFP4_1846,0.000107303465
ECFP4_161,0.00010626035
ECFP4_810,0.00010614823
ECFP4_22,0.000106106025
ECFP4_1,0.000106013984
ECFP4_466,0.00010600584
ECFP4_163,0.00010592007
ECFP4_1742,0.00010569866
ECFP4_61,0.00010519925
ECFP4_49,0.0001050616
ECFP4_77,0.000104844745
ECFP4_52,0.0001047979
ECFP4_123,0.00010441711
ECFP4_1278,0.000104200466
ECFP4_235,0.00010416441
ECFP4_1882,0.00010398828
ECFP4_646,0.000103865576
ECFP4_713,0.000103852726
ECFP4_110,0.000103707906
ECFP4_1400,0.00010368246
ECFP4_1599,0.00010361714
ECFP4_1662,0.000103338425
ECFP4_1546,0.00010274395
ECFP4_1379,0.000102698265
ECFP4_687,0.00010247948
ECFP4_1235,0.00010211174
ECFP4_1865,0.00010201174
ECFP4_521,0.00010174105
ECFP4_307,0.00010065218
ECFP4_598,0.00010030239
ECFP4_1883,9.9981546e-05
ECFP4_369,9.993816e-05
ECFP4_338,9.972596e-05
ECFP4_287,9.9615056e-05
ECFP4_230,9.937872e-05
ECFP4_142,9.9013814e-05
ECFP4_1186,9.893375e-05
ECFP4_1787,9.888374e-05
ECFP4_959,9.885017e-05
ECFP4_16,9.8451426e-05
ECFP4_783,9.773965e-05
ECFP4_975,9.750122e-05
ECFP4_1763,9.725504e-05
ECFP4_166,9.7212076e-05
ECFP4_9,9.6999785e-05
ECFP4_370,9.671109e-05
ECFP4_1771,9.632808e-05
ECFP4_224,9.607823e-05
ECFP4_1266,9.5914846e-05
ECFP4_3,9.574541e-05
ECFP4_621,9.571196e-05
ECFP4_4,9.546037e-05
ECFP4_177,9.536351e-05
ECFP4_1118,9.49893e-05
ECFP4_1287,9.4941344e-05
ECFP4_487,9.443503e-05
ECFP4_169,9.440874e-05
ECFP4_1962,9.3934745e-05
ECFP4_1223,9.370793e-05
ECFP4_130,9.365491e-05
ECFP4_858,9.349956e-05
ECFP4_233,9.31971e-05
ECFP4_33,9.314946e-05
ECFP4_419,9.2770315e-05
ECFP4_1255,9.241033e-05
ECFP4_725,9.239532e-05
ECFP4_1631,9.2194474e-05
ECFP4_1435,9.199793e-05
ECFP4_172,9.1004404e-05
ECFP4_178,9.086058e-05
ECFP4_346,9.01942e-05
ECFP4_418,8.999167e-05
ECFP4_410,8.93191e-05
ECFP4_184,8.9247944e-05
ECFP4_73,8.8722154e-05
ECFP4_377,8.814879e-05
ECFP4_664,8.7273336e-05
ECFP4_216,8.720146e-05
ECFP4_1259,8.709291e-05
ECFP4_567,8.66658e-05
ECFP4_2003,8.665024e-05
ECFP4_327,8.5540836e-05
ECFP4_1360,8.538281e-05
ECFP4_1506,8.537094e-05
ECFP4_1371,8.4880725e-05
ECFP4_1029,8.3881656e-05
ECFP4_261,8.3864616e-05
ECFP4_282,8.3002444e-05
ECFP4_42,8.2861225e-05
ECFP4_362,8.19417e-05
ECFP4_180,8.192704e-05
ECFP4_206,8.173192e-05
ECFP4_1694,8.160312e-05
ECFP4_217,8.159301e-05
ECFP4_376,8.151617e-05
ECFP4_1544,8.1142134e-05
ECFP4_262,8.102542e-05
ECFP4_10,8.0823374e-05
ECFP4_94,8.080909e-05
ECFP4_2033,7.874566e-05
ECFP4_29,7.860402e-05
ECFP4_57,7.839345e-05
ECFP4_560,7.821832e-05
ECFP4_254,7.793565e-05
ECFP4_1985,7.786736e-05
ECFP4_1516,7.759477e-05
ECFP4_364,7.7560304e-05
ECFP4_1295,7.708857e-05
ECFP4_526,7.622096e-05
ECFP4_751,7.5271375e-05
ECFP4_463,7.435775e-05
ECFP4_825,7.352766e-05
ECFP4_133,7.2617855e-05
ECFP4_786,7.209533e-05
ECFP4_579,7.2046714e-05
ECFP4_1106,7.201158e-05
ECFP4_19,7.172409e-05
ECFP4_940,7.158278e-05
ECFP4_65,7.0293776e-05
ECFP4_971,6.938937e-05
ECFP4_40,6.912764e-05
ECFP4_17,6.883016e-05
ECFP4_1333,6.8175366e-05
ECFP4_592,6.7826564e-05
ECFP4_151,6.757944e-05
ECFP4_188,6.5977714e-05
ECFP4_118,6.5873275e-05
ECFP4_28,6.564313e-05
ECFP4_1616,6.5517954e-05
ECFP4_81,6.548085e-05
ECFP4_767,6.521004e-05
ECFP4_1940,6.466489e-05
ECFP4_146,6.433441e-05
ECFP4_727,6.425868e-05
ECFP4_933,6.358964e-05
ECFP4_135,6.339668e-05
ECFP4_1515,6.3387895e-05
ECFP4_503,6.320952e-05
ECFP4_149,6.296521e-05
ECFP4_528,6.275621e-05
ECFP4_645,6.2695355e-05
ECFP4_1247,6.2615174e-05
ECFP4_460,6.261376e-05
ECFP4_5,6.257866e-05
ECFP4_605,6.141654e-05
ECFP4_280,6.1309656e-05
ECFP4_279,6.041329e-05
ECFP4_578,6.02239e-05
ECFP4_214,5.974824e-05
ECFP4_2009,5.860053e-05
ECFP4_404,5.8202553e-05
ECFP4_1306,5.7686328e-05
ECFP4_126,5.6551242e-05
ECFP4_306,5.631257e-05
ECFP4_72,5.6123943e-05
ECFP4_909,5.544849e-05
ECFP4_1997,5.5105116e-05
ECFP4_355,5.50641e-05
ECFP4_359,5.501783e-05
ECFP4_1227,5.3924934e-05
ECFP4_510,5.3836113e-05
ECFP4_150,5.3735435e-05
ECFP4_8,5.2498184e-05
ECFP4_211,5.241245e-05
ECFP4_812,5.2375424e-05
ECFP4_37,5.1458097e-05
ECFP4_129,5.0801933e-05
ECFP4_431,4.977786e-05
ECFP4_735,4.8591897e-05
ECFP4_365,4.8394995e-05
ECFP4_152,4.838767e-05
ECFP4_435,4.8118163e-05
ECFP4_683,4.6652785e-05
ECFP4_156,4.6498008e-05
ECFP4_706,4.6132558e-05
ECFP4_1456,4.5754095e-05
ECFP4_1533,4.5218345e-05
ECFP4_859,4.5189852e-05
ECFP4_1388,4.459514e-05
ECFP4_1159,4.3634987e-05
ECFP4_344,4.2368043e-05
ECFP4_1675,4.2318738e-05
ECFP4_462,4.229371e-05
ECFP4_893,4.1685664e-05
ECFP4_189,4.1230913e-05
ECFP4_270,4.1020285e-05
ECFP4_1669,4.0667226e-05
ECFP4_6,4.001885e-05
ECFP4_23,3.937454e-05
ECFP4_797,3.8523413e-05
ECFP4_1139,3.7959468e-05
ECFP4_54,3.7778733e-05
ECFP4_688,3.7540292e-05
ECFP4_0,3.7341968e-05
ECFP4_47,3.6490612e-05
ECFP4_131,3.643956e-05
ECFP4_1218,3.6353114e-05
ECFP4_24,3.3944103e-05
ECFP4_945,3.340118e-05
ECFP4_571,3.249067e-05
ECFP4_26,3.2239277e-05
ECFP4_497,3.1946467e-05
ECFP4_880,3.1880118e-05
ECFP4_56,3.153419e-05
ECFP4_1557,3.0381902e-05
ECFP4_763,3.0301648e-05
ECFP4_71,2.95608e-05
ECFP4_50,2.8682865e-05
ECFP4_153,2.8402887e-05
ECFP4_692,2.840002e-05
ECFP4_831,2.7786034e-05
ECFP4_485,2.7376713e-05
ECFP4_793,2.7371992e-05
ECFP4_1105,2.6361578e-05
ECFP4_1592,2.6053396e-05
ECFP4_1284,2.4729581e-05
ECFP4_88,2.4022684e-05
ECFP4_1723,2.2623546e-05
ECFP4_955,2.1233342e-05
ECFP4_260,2.0842448e-05
ECFP4_286,2.0313752e-05
ECFP4_38,2.0206588e-05
ECFP4_198,2.0019994e-05
ECFP4_320,1.8363116e-05
ECFP4_215,1.8124496e-05
ECFP4_244,1.6778864e-05
ECFP4_799,1.6015303e-05
ECFP4_1065,1.5747657e-05
ECFP4_785,1.5470936e-05
ECFP4_1310,1.4699392e-05
ECFP4_371,1.3763723e-05
ECFP4_429,1.3351102e-05
ECFP4_225,1.3006016e-05
ECFP4_44,1.251134e-05
ECFP4_726,1.2221611e-05
ECFP4_182,1.2131052e-05
ECFP4_1726,1.1537772e-05
ECFP4_912,1.1305452e-05
ECFP4_64,1.122393e-05
ECFP4_469,1.1099257e-05
ECFP4_958,1.089165e-05
ECFP4_515,9.254306e-06
ECFP4_337,9.096721e-06
ECFP4_657,8.194724e-06
ECFP4_719,7.1366358e-06
ECFP4_1340,7.0143533e-06
ECFP4_159,6.1889577e-06
ECFP4_134,6.04572e-06
ECFP4_1807,5.998401e-06
ECFP4_278,4.6747546e-06
ECFP4_332,4.4035605e-06
ECFP4_1713,3.5957055e-06
ECFP4_539,2.9380733e-06
ECFP4_210,2.1112958e-06
ECFP4_1402,1.8296028e-06
ECFP4_445,1.0394892e-06
ECFP4_1053,6.4627324e-07
ECFP4_461,4.6356456e-07
ECFP4_112,4.49691e-07
ECFP4_1945,0.0
ECFP4_481,0.0
ECFP4_1898,0.0
ECFP4_1458,0.0
ECFP4_1895,0.0
ECFP4_1497,0.0
ECFP4_1947,0.0
ECFP4_1148,0.0
ECFP4_477,0.0
ECFP4_1217,0.0
ECFP4_1953,0.0
ECFP4_1894,0.0
ECFP4_1144,0.0
ECFP4_1899,0.0
ECFP4_468,0.0
ECFP4_563,0.0
ECFP4_566,0.0
ECFP4_1890,0.0
ECFP4_1450,0.0
ECFP4_1220,0.0
ECFP4_1960,0.0
ECFP4_1225,0.0
ECFP4_185,0.0
ECFP4_1963,0.0
ECFP4_1216,0.0
ECFP4_1900,0.0
ECFP4_494,0.0
ECFP4_535,0.0
ECFP4_1193,0.0
ECFP4_1925,0.0
ECFP4_1442,0.0
ECFP4_1908,0.0
ECFP4_1170,0.0
ECFP4_1172,0.0
ECFP4_1191,0.0
ECFP4_302,0.0
ECFP4_1913,0.0
ECFP4_1188,0.0
ECFP4_538,0.0
ECFP4_1185,0.0
ECFP4_537,0.0
ECFP4_1478,0.0
ECFP4_1173,0.0
ECFP4_1177,0.0
ECFP4_1919,0.0
ECFP4_308,0.0
ECFP4_518,0.0
ECFP4_1194,0.0
ECFP4_506,0.0
ECFP4_1901,0.0
ECFP4_551,0.0
ECFP4_1495,0.0
ECFP4_498,0.0
ECFP4_1491,0.0
ECFP4_499,0.0
ECFP4_1215,0.0
ECFP4_1486,0.0
ECFP4_1201,0.0
ECFP4_1161,0.0
ECFP4_1936,0.0
ECFP4_1210,0.0
ECFP4_1206,0.0
ECFP4_514,0.0
ECFP4_1931,0.0
ECFP4_1907,0.0
ECFP4_1668,0.0
ECFP4_317,0.0
ECFP4_1966,0.0
ECFP4_1398,0.0
ECFP4_1382,0.0
ECFP4_1305,0.0
ECFP4_2035,0.0
ECFP4_1291,0.0
ECFP4_174,0.0
ECFP4_2032,0.0
ECFP4_1396,0.0
ECFP4_388,0.0
ECFP4_2027,0.0
ECFP4_2040,0.0
ECFP4_2026,0.0
ECFP4_393,0.0
ECFP4_1281,0.0
ECFP4_396,0.0
ECFP4_2022,0.0
ECFP4_2021,0.0
ECFP4_398,0.0
ECFP4_406,0.0
ECFP4_1378,0.0
ECFP4_2043,0.0
ECFP4_176,0.0
ECFP4_1361,0.0
ECFP4_1343,0.0
ECFP4_342,0.0
ECFP4_1337,0.0
ECFP4_1355,0.0
ECFP4_353,0.0
ECFP4_1334,0.0
ECFP4_1358,0.0
ECFP4_1359,0.0
ECFP4_1332,0.0
ECFP4_1311,0.0
ECFP4_1324,0.0
ECFP4_1368,0.0
ECFP4_1369,0.0
ECFP4_1317,0.0
ECFP4_1316,0.0
ECFP4_1315,0.0
ECFP4_2046,0.0
ECFP4_367,0.0
ECFP4_1276,0.0
ECFP4_2015,0.0
ECFP4_1232,0.0
ECFP4_316,0.0
ECFP4_1432,0.0
ECFP4_1987,0.0
ECFP4_438,0.0
ECFP4_1433,0.0
ECFP4_439,0.0
ECFP4_1981,0.0
ECFP4_451,0.0
ECFP4_452,0.0
ECFP4_1977,0.0
ECFP4_436,0.0
ECFP4_1976,0.0
ECFP4_1237,0.0
ECFP4_1974,0.0
ECFP4_1973,0.0
ECFP4_1437,0.0
ECFP4_1438,0.0
ECFP4_1439,0.0
ECFP4_1968,0.0
ECFP4_1431,0.0
ECFP4_183,0.0
ECFP4_2014,0.0
ECFP4_420,0.0
ECFP4_2013,0.0
ECFP4_2012,0.0
ECFP4_414,0.0
ECFP4_1273,0.0
ECFP4_1270,0.0
ECFP4_415,0.0
ECFP4_1268,0.0
ECFP4_1265,0.0
ECFP4_422,0.0
ECFP4_1429,0.0
ECFP4_1263,0.0
ECFP4_1418,0.0
ECFP4_2001,0.0
ECFP4_1260,0.0
ECFP4_1251,0.0
ECFP4_1426,0.0
ECFP4_1995,0.0
ECFP4_1246,0.0
ECFP4_1889,0.0
ECFP4_1113,0.0
ECFP4_199,0.0
ECFP4_742,0.0
ECFP4_746,0.0
ECFP4_748,0.0
ECFP4_996,0.0
ECFP4_1749,0.0
ECFP4_271,0.0
ECFP4_990,0.0
ECFP4_986,0.0
ECFP4_1743,0.0
ECFP4_970,0.0
ECFP4_761,0.0
ECFP4_1606,0.0
ECFP4_765,0.0
ECFP4_1608,0.0
ECFP4_770,0.0
ECFP4_773,0.0
ECFP4_962,0.0
ECFP4_1730,0.0
ECFP4_954,0.0
ECFP4_1725,0.0
ECFP4_223,0.0
ECFP4_740,0.0
ECFP4_1886,0.0
ECFP4_1756,0.0
ECFP4_709,0.0
ECFP4_1779,0.0
ECFP4_1777,0.0
ECFP4_712,0.0
ECFP4_1030,0.0
ECFP4_1774,0.0
ECFP4_1583,0.0
ECFP4_1584,0.0
ECFP4_1770,0.0
ECFP4_1769,0.0
ECFP4_1585,0.0
ECFP4_720,0.0
ECFP4_1022,0.0
ECFP4_1016,0.0
ECFP4_1010,0.0
ECFP4_1006,0.0
ECFP4_1760,0.0
ECFP4_1758,0.0
ECFP4_738,0.0
ECFP4_952,0.0
ECFP4_1621,0.0
ECFP4_805,0.0
ECFP4_951,0.0
ECFP4_928,0.0
ECFP4_839,0.0
ECFP4_923,0.0
ECFP4_921,0.0
ECFP4_1688,0.0
ECFP4_919,0.0
ECFP4_918,0.0
ECFP4_853,0.0
ECFP4_1654,0.0
ECFP4_1656,0.0
ECFP4_862,0.0
ECFP4_907,0.0
ECFP4_1679,0.0
ECFP4_868,0.0
ECFP4_906,0.0
ECFP4_1676,0.0
ECFP4_1673,0.0
ECFP4_876,0.0
ECFP4_1663,0.0
ECFP4_929,0.0
ECFP4_930,0.0
ECFP4_1641,0.0
ECFP4_817,0.0
ECFP4_232,0.0
ECFP4_948,0.0
ECFP4_1625,0.0
ECFP4_943,0.0
ECFP4_1711,0.0
ECFP4_1710,0.0
ECFP4_1351,0.0
ECFP4_815,0.0
ECFP4_1706,0.0
ECFP4_1640,0.0
ECFP4_1705,0.0
ECFP4_1704,0.0
ECFP4_1633,0.0
ECFP4_1702,0.0
ECFP4_939,0.0
ECFP4_1635,0.0
ECFP4_1637,0.0
ECFP4_1639,0.0
ECFP4_1577,0.0
ECFP4_702,0.0
ECFP4_1044,0.0
ECFP4_616,0.0
ECFP4_1522,0.0
ECFP4_594,0.0
ECFP4_1859,0.0
ECFP4_1858,0.0
ECFP4_596,0.0
ECFP4_1103,0.0
ECFP4_1525,0.0
ECFP4_599,0.0
ECFP4_1526,0.0
ECFP4_602,0.0
ECFP4_1850,0.0
ECFP4_603,0.0
ECFP4_1847,0.0
ECFP4_1527,0.0
ECFP4_1528,0.0
ECFP4_1529,0.0
ECFP4_611,0.0
ECFP4_1531,0.0
ECFP4_1534,0.0
ECFP4_1862,0.0
ECFP4_1520,0.0
ECFP4_1864,0.0
ECFP4_574,0.0
ECFP4_1885,0.0
ECFP4_568,0.0
ECFP4_1130,0.0
ECFP4_200,0.0
ECFP4_1881,0.0
ECFP4_570,0.0
ECFP4_1125,0.0
ECFP4_572,0.0
ECFP4_297,0.0
ECFP4_1109,0.0
ECFP4_1124,0.0
ECFP4_1122,0.0
ECFP4_1872,0.0
ECFP4_1511,0.0
ECFP4_1870,0.0
ECFP4_1117,0.0
ECFP4_900,0.0
ECFP4_1867,0.0
ECFP4_1100,0.0
ECFP4_1095,0.0
ECFP4_1051,0.0
ECFP4_619,0.0
ECFP4_1559,0.0
ECFP4_1560,0.0
ECFP4_1804,0.0
ECFP4_1561,0.0
ECFP4_1802,0.0
ECFP4_1801,0.0
ECFP4_670,0.0
ECFP4_671,0.0
ECFP4_1798,0.0
ECFP4_1797,0.0
ECFP4_1073,0.0
ECFP4_1068,0.0
ECFP4_678,0.0
ECFP4_1067,0.0
ECFP4_686,0.0
ECFP4_1061,0.0
ECFP4_1569,0.0
ECFP4_1788,0.0
ECFP4_1786,0.0
ECFP4_663,0.0
ECFP4_1074,0.0
ECFP4_660,0.0
ECFP4_1827,0.0
ECFP4_1093,0.0
ECFP4_620,0.0
ECFP4_1092,0.0
ECFP4_1540,0.0
ECFP4_1541,0.0
ECFP4_622,0.0
ECFP4_1830,0.0
ECFP4_1545,0.0
ECFP4_639,0.0
ECFP4_1813,0.0
ECFP4_1079,0.0
ECFP4_1550,0.0
ECFP4_1551,0.0
ECFP4_1552,0.0
ECFP4_1076,0.0
ECFP4_1555,0.0
ECFP4_285,0.0
ECFP4_1556,0.0
ECFP4_1709,0.0
